,,,,,,,,,,,,,,,Passing,Passing,Passing,Passing,Passing,Passing,Passing,Passing,Passing,Passing,Passing,Passing,Passing,Passing,Passing,Passing,Passing,Passing,Passing,Passing,Passing,Passing,Passing,,,,-additional
Rk,Player,Yds,TD,Int,Y/C,Y/G,Rate,4QC,GS,Season,Age,Team,G,GS,Cmp,Att,Inc,Cmp%,Yds,TD,Int,Pick6,TD%,Int%,Rate,Sk,Yds,Sk%,Y/A,AY/A,ANY/A,Y/C,Y/G,Succ%,W,L,T,4QC,GWD,Pos,-9999
,,,,,,,,,,,,,,,,,,,,,,,,,,,,,,,,,,,,,,,,,-9999
1,Josh Allen,3731,28,6,12.2,219.5,101.4,0,17,2024,28,BUF,17,17,307,483,176,63.6,3731,28,6,0,5.8,1.2,101.4,14,63,2.82,7.7,8.33,7.96,12.2,219.5,49.1,13,4,0,0,2,QB,AlleJo02
2,Joe Burrow,4918,43,9,10.7,289.3,108.5,1,17,2024,28,CIN,17,17,460,652,192,70.6,4918,43,9,1,6.6,1.4,108.5,48,278,6.86,7.5,8.24,7.28,10.7,289.3,53.6,9,8,0,1,2,QB,BurrJo01
3,Jayden Daniels,3568,25,9,10.8,209.9,100.1,4,17,2024,24,WAS,17,17,331,480,149,69,3568,25,9,0,5.2,1.9,100.1,47,238,8.92,7.4,7.63,6.5,10.8,209.9,47.1,12,5,0,4,4,QB,DaniJa02
4,Sam Darnold,4319,35,12,12,254.1,102.5,3,17,2024,27,MIN,17,17,361,545,184,66.2,4319,35,12,0,6.4,2.2,102.5,48,335,8.09,7.9,8.22,6.99,12,254.1,47.7,14,3,0,3,5,QB,DarnSa00
5,Jared Goff,4629,37,12,11.9,272.3,111.8,4,17,2024,30,DET,17,17,390,539,149,72.4,4629,37,12,0,6.9,2.2,111.8,31,234,5.44,8.6,8.96,8.06,11.9,272.3,54.7,15,2,0,4,4,QB,GoffJa00
6,Justin Herbert,3870,23,3,11.7,227.6,101.7,1,17,2024,26,LAC,17,17,332,504,172,65.9,3870,23,3,0,4.6,0.6,101.7,41,244,7.52,7.7,8.32,7.25,11.7,227.6,44.4,11,6,0,1,2,QB,HerbJu00
7,Lamar Jackson,4172,41,4,13.2,245.4,119.6,2,17,2024,27,BAL,17,17,316,474,158,66.7,4172,41,4,0,8.6,0.8,119.6,23,149,4.63,8.8,10.15,9.38,13.2,245.4,51.3,12,5,0,2,2,QB,JackLa00
8,Patrick Mahomes,3928,26,11,10,245.5,93.5,5,16,2024,29,KAN,16,16,392,581,189,67.5,3928,26,11,0,4.5,1.9,93.5,36,239,5.83,6.8,6.8,6.02,10,245.5,50.7,15,1,0,5,7,QB,MahoPa00
9,Baker Mayfield,4500,41,16,11.1,264.7,106.8,2,17,2024,29,TAM,17,17,407,570,163,71.4,4500,41,16,0,7.2,2.8,106.8,40,248,6.56,7.9,8.07,7.13,11.1,264.7,53.9,10,7,0,2,2,QB,MayfBa00
10,Kyler Murray,3851,21,11,10.4,226.5,93.5,3,17,2024,27,ARI,17,17,372,541,169,68.8,3851,21,11,1,3.9,2,93.5,30,220,5.25,7.1,6.98,6.23,10.4,226.5,51.7,8,9,0,3,3,QB,MurrKy00
11,Bo Nix,3775,29,12,10,222.1,93.3,3,17,2024,24,DEN,17,17,376,567,191,66.3,3775,29,12,0,5.1,2.1,93.3,24,198,4.06,6.7,6.73,6.12,10,222.1,43.7,10,7,0,3,3,QB,NixxBo00
12,Aaron Rodgers,3897,28,11,10.6,229.2,90.5,2,17,2024,41,NYJ,17,17,368,584,216,63,3897,28,11,2,4.8,1.9,90.5,40,302,6.41,6.7,6.78,5.87,10.6,229.2,43.9,5,12,0,2,3,QB,RodgAa00
13,Geno Smith,4320,21,15,10.6,254.1,93.2,4,17,2024,34,SEA,17,17,407,578,171,70.4,4320,21,15,1,3.6,2.6,93.2,50,338,7.96,7.5,7.03,5.93,10.6,254.1,48.4,10,7,0,4,4,QB,SmitGe00
14,Matthew Stafford,3762,20,8,11.1,235.1,93.7,3,16,2024,36,LAR,16,16,340,517,177,65.8,3762,20,8,0,3.9,1.5,93.7,28,213,5.14,7.3,7.35,6.59,11.1,235.1,50.1,10,6,0,3,5,QB,StafMa00
15,C.J. Stroud,3727,20,12,11.1,219.2,87,1,17,2024,23,HOU,17,17,336,532,196,63.2,3727,20,12,0,3.8,2.3,87,52,408,8.9,7,6.74,5.44,11.1,219.2,43,10,7,0,1,2,QB,StroCJ00
16,Caleb Williams,3541,20,6,10.1,208.3,87.8,2,17,2024,23,CHI,17,17,351,562,211,62.5,3541,20,6,0,3.6,1.1,87.8,68,466,10.79,6.3,6.53,5.09,10.1,208.3,40.3,5,12,0,2,1,QB,WillCa03
17,Josh Allen,4306,29,18,11.2,253.3,92.2,2,17,2023,27,BUF,17,17,385,579,194,66.5,4306,29,18,0,5,3.1,92.2,24,152,3.98,7.4,7.04,6.51,11.2,253.3,50.7,11,6,0,2,4,QB,AlleJo02
18,Derek Carr,3878,25,8,10.3,228.1,97.7,0,17,2023,32,NOR,17,17,375,548,173,68.4,3878,25,8,2,4.6,1.5,97.7,31,218,5.35,7.1,7.33,6.56,10.3,228.1,46.8,9,8,0,0,1,QB,CarrDe02
19,Jared Goff,4575,30,12,11.2,269.1,97.9,2,17,2023,29,DET,17,17,407,605,198,67.3,4575,30,12,2,5,2,97.9,30,197,4.72,7.6,7.66,6.99,11.2,269.1,50.9,12,5,0,2,3,QB,GoffJa00
20,Sam Howell,3946,21,21,10.2,232.1,78.9,2,17,2023,23,WAS,17,17,388,612,224,63.4,3946,21,21,4,3.4,3.4,78.9,65,449,9.6,6.4,5.59,4.39,10.2,232.1,42.7,4,13,0,2,2,QB,HoweSa00
21,Jalen Hurts,3858,23,15,11,226.9,89.1,3,17,2023,25,PHI,17,17,352,538,186,65.4,3858,23,15,2,4.3,2.8,89.1,36,222,6.27,7.2,6.77,5.96,11,226.9,46.7,11,6,0,3,4,QB,HurtJa00
22,Lamar Jackson,3678,24,7,12,229.9,102.7,1,16,2023,26,BAL,16,16,307,457,150,67.2,3678,24,7,1,5.3,1.5,102.7,37,218,7.49,8,8.41,7.34,12,229.9,48.2,13,3,0,1,0,QB,JackLa00
23,Trevor Lawrence,4016,21,14,10.9,251,88.5,1,16,2023,24,JAX,16,16,370,564,194,65.6,4016,21,14,0,3.7,2.5,88.5,35,224,5.84,7.1,6.75,5.98,10.9,251,46.4,8,8,0,1,2,QB,LawrTr00
24,Jordan Love,4159,32,11,11.2,244.6,96.1,2,17,2023,25,GNB,17,17,372,579,207,64.2,4159,32,11,0,5.5,1.9,96.1,30,242,4.93,7.2,7.43,6.67,11.2,244.6,47.6,9,8,0,2,3,QB,LoveJo03
25,Patrick Mahomes,4183,27,14,10.4,261.4,92.6,1,16,2023,28,KAN,16,16,401,597,196,67.2,4183,27,14,2,4.5,2.3,92.6,27,186,4.33,7,6.86,6.26,10.4,261.4,48.2,10,6,0,1,2,QB,MahoPa00
26,Baker Mayfield,4044,28,10,11.1,237.9,94.6,1,17,2023,28,TAM,17,17,364,566,202,64.3,4044,28,10,0,4.9,1.8,94.6,40,232,6.6,7.1,7.34,6.47,11.1,237.9,44.7,9,8,0,1,2,QB,MayfBa00
27,Dak Prescott,4516,36,9,11,265.6,105.9,2,17,2023,30,DAL,17,17,410,590,180,69.5,4516,36,9,0,6.1,1.5,105.9,39,255,6.2,7.7,8.19,7.28,11,265.6,51.5,12,5,0,2,3,QB,PresDa01
28,Brock Purdy,4280,31,11,13.9,267.5,113,0,16,2023,24,SFO,16,16,308,444,136,69.4,4280,31,11,1,7,2.5,113,28,153,5.93,9.6,9.92,9.01,13.9,267.5,54.7,12,4,0,0,0,QB,PurdBr00
29,Tua Tagovailoa,4624,29,14,11.9,272,101.1,2,17,2023,25,MIA,17,17,388,560,172,69.3,4624,29,14,2,5.2,2.5,101.1,29,171,4.92,8.3,8.17,7.48,11.9,272,50.8,11,6,0,2,2,QB,TagoTu00
30,Bryce Young,2877,11,10,9.1,179.8,73.7,2,16,2023,22,CAR,16,16,315,527,212,59.8,2877,11,10,3,2.1,1.9,73.7,62,477,10.53,5.5,5.02,3.68,9.1,179.8,36.5,2,14,0,2,2,QB,YounBr01
31,Josh Allen,4283,35,14,11.9,267.7,96.6,3,16,2022,26,BUF,16,16,359,567,208,63.3,4283,35,14,0,6.2,2.5,96.6,33,162,5.5,7.6,7.68,6.99,11.9,267.7,52.2,13,3,0,3,4,QB,AlleJo02
32,Tom Brady,4694,25,9,9.6,276.1,90.7,4,17,2022,45,TAM,17,17,490,733,243,66.8,4694,25,9,0,3.4,1.2,90.7,22,160,2.91,6.4,6.53,6.13,9.6,276.1,49.5,8,9,0,4,5,QB,BradTo00
33,Joe Burrow,4475,35,12,10.8,279.7,100.8,3,16,2022,26,CIN,16,16,414,606,192,68.3,4475,35,12,2,5.8,2,100.8,41,259,6.34,7.4,7.65,6.76,10.8,279.7,50.1,12,4,0,3,4,QB,BurrJo01
34,Kirk Cousins,4547,29,14,10.7,267.5,92.5,8,17,2022,34,MIN,17,17,424,643,219,65.9,4547,29,14,2,4.5,2.2,92.5,46,329,6.68,7.1,6.99,6.05,10.7,267.5,46.3,13,4,0,8,8,QB,CousKi00
35,Jared Goff,4438,29,7,11.6,261.1,99.3,3,17,2022,28,DET,17,17,382,587,205,65.1,4438,29,7,2,4.9,1.2,99.3,23,156,3.77,7.6,8.01,7.45,11.6,261.1,50.3,9,8,0,3,3,QB,GoffJa00
36,Justin Herbert,4739,25,10,9.9,278.8,93.2,4,17,2022,24,LAC,17,17,477,699,222,68.2,4739,25,10,1,3.6,1.4,93.2,38,206,5.16,6.8,6.85,6.22,9.9,278.8,46.3,10,7,0,4,5,QB,HerbJu00
37,Daniel Jones,3205,15,5,10.1,200.3,92.5,4,16,2022,25,NYG,16,16,317,472,155,67.2,3205,15,5,0,3.2,1.1,92.5,44,243,8.53,6.8,6.95,5.89,10.1,200.3,45.7,9,6,1,4,5,QB,JoneDa05
38,Trevor Lawrence,4113,25,8,10.6,241.9,95.2,3,17,2022,23,JAX,17,17,387,584,197,66.3,4113,25,8,0,4.3,1.4,95.2,27,184,4.42,7,7.28,6.66,10.6,241.9,48.1,9,8,0,3,2,QB,LawrTr00
39,Patrick Mahomes,5250,41,12,12.1,308.8,105.2,4,17,2022,27,KAN,17,17,435,648,213,67.1,5250,41,12,0,6.3,1.9,105.2,26,188,3.86,8.1,8.53,7.93,12.1,308.8,54.6,14,3,0,4,4,QB,MahoPa00
40,Aaron Rodgers,3695,26,12,10.6,217.4,91.1,3,17,2022,39,GNB,17,17,350,542,192,64.6,3695,26,12,1,4.8,2.2,91.1,32,258,5.57,6.8,6.78,5.95,10.6,217.4,45.1,8,9,0,3,4,QB,RodgAa00
41,Geno Smith,4282,30,11,10.7,251.9,100.9,2,17,2022,32,SEA,17,17,399,572,173,69.8,4282,30,11,1,5.2,1.9,100.9,46,348,7.44,7.5,7.67,6.54,10.7,251.9,48.2,9,8,0,2,3,QB,SmitGe00
42,Josh Allen,4407,36,15,10.8,259.2,92.2,0,17,2021,25,BUF,17,17,409,646,237,63.3,4407,36,15,0,5.6,2.3,92.2,26,164,3.87,6.8,6.89,6.38,10.8,259.2,49.4,11,6,0,0,0,QB,AlleJo02
43,Tom Brady,5316,43,12,11,312.7,102.1,3,17,2021,44,TAM,17,17,485,719,234,67.5,5316,43,12,2,6,1.7,102.1,22,144,2.97,7.4,7.84,7.41,11,312.7,52.6,13,4,0,3,5,QB,BradTo00
44,Joe Burrow,4611,34,14,12.6,288.2,108.3,2,16,2021,25,CIN,16,16,366,520,154,70.4,4611,34,14,2,6.5,2.7,108.3,51,370,8.93,8.9,8.96,7.51,12.6,288.2,47.6,10,6,0,2,3,QB,BurrJo01
45,Derek Carr,4804,23,14,11.2,282.6,94,3,17,2021,30,LVR,17,17,428,626,198,68.4,4804,23,14,2,3.7,2.2,94,40,241,6.01,7.7,7.4,6.6,11.2,282.6,49.7,10,7,0,3,6,QB,CarrDe02
46,Kirk Cousins,4221,33,7,11.3,263.8,103.1,3,16,2021,33,MIN,16,16,372,561,189,66.3,4221,33,7,0,5.9,1.2,103.1,28,197,4.75,7.5,8.14,7.42,11.3,263.8,46.2,8,8,0,3,4,QB,CousKi00
47,Justin Herbert,5014,38,15,11.3,294.9,97.7,5,17,2021,23,LAC,17,17,443,672,229,65.9,5014,38,15,3,5.7,2.2,97.7,31,214,4.41,7.5,7.59,6.95,11.3,294.9,51.1,9,8,0,5,5,QB,HerbJu00
48,Mac Jones,3801,22,13,10.8,223.6,92.5,1,17,2021,23,NWE,17,17,352,521,169,67.6,3801,22,13,3,4.2,2.5,92.5,28,241,5.1,7.3,7.02,6.22,10.8,223.6,49,10,7,0,1,1,QB,JoneMa05
49,Trevor Lawrence,3641,12,17,10.1,214.2,71.9,1,17,2021,22,JAX,17,17,359,602,243,59.6,3641,12,17,1,2,2.8,71.9,32,238,5.05,6,5.18,4.54,10.1,214.2,44.6,3,14,0,1,2,QB,LawrTr00
50,Patrick Mahomes,4839,37,13,11.1,284.6,98.5,3,17,2021,26,KAN,17,17,436,658,222,66.3,4839,37,13,1,5.6,2,98.5,28,146,4.08,7.4,7.59,7.07,11.1,284.6,53.2,12,5,0,3,3,QB,MahoPa00
51,Dak Prescott,4449,37,10,10.9,278.1,104.2,1,16,2021,28,DAL,16,16,410,596,186,68.8,4449,37,10,1,6.2,1.7,104.2,30,144,4.79,7.5,7.95,7.34,10.9,278.1,51.4,11,5,0,1,2,QB,PresDa01
52,Aaron Rodgers,4115,37,4,11.2,257.2,111.9,1,16,2021,38,GNB,16,16,366,531,165,68.9,4115,37,4,0,7,0.8,111.9,30,188,5.35,7.7,8.8,8,11.2,257.2,50.6,13,3,0,1,2,QB,RodgAa00
53,Ben Roethlisberger,3740,22,10,9.6,233.8,86.8,6,16,2021,39,PIT,16,16,390,605,215,64.5,3740,22,10,1,3.6,1.7,86.8,38,239,5.91,6.2,6.17,5.43,9.6,233.8,42.6,9,7,0,6,7,QB,RoetBe00
54,Matt Ryan,3968,20,12,10.6,233.4,90.4,3,17,2021,36,ATL,17,17,375,560,185,67,3968,20,12,2,3.6,2.1,90.4,40,274,6.67,7.1,6.84,5.92,10.6,233.4,46,7,10,0,3,4,QB,RyanMa00
55,Matthew Stafford,4886,41,17,12.1,287.4,102.9,3,17,2021,33,LAR,17,17,404,601,197,67.2,4886,41,17,4,6.8,2.8,102.9,30,243,4.75,8.1,8.22,7.45,12.1,287.4,52.6,12,5,0,3,4,QB,StafMa00
56,Ryan Tannehill,3734,21,14,10.5,219.6,89.6,3,17,2021,33,TEN,17,17,357,531,174,67.2,3734,21,14,0,4,2.6,89.6,47,327,8.13,7,6.64,5.53,10.5,219.6,46.2,12,5,0,3,4,QB,TannRy00
57,Carson Wentz,3563,27,7,11.1,209.6,94.6,0,17,2021,29,IND,17,17,322,516,194,62.4,3563,27,7,1,5.2,1.4,94.6,32,227,5.84,6.9,7.34,6.5,11.1,209.6,44,9,8,0,0,0,QB,WentCa00
58,Josh Allen,4544,37,10,11.5,284,107.2,2,16,2020,24,BUF,16,16,396,572,176,69.2,4544,37,10,0,6.5,1.7,107.2,26,159,4.35,7.9,8.45,7.82,11.5,284,56.5,13,3,0,2,3,QB,AlleJo02
59,Tom Brady,4633,40,12,11.6,289.6,102.2,3,16,2020,43,TAM,16,16,401,610,209,65.7,4633,40,12,2,6.6,2,102.2,21,143,3.33,7.6,8.02,7.53,11.6,289.6,49.6,11,5,0,3,3,QB,BradTo00
60,Derek Carr,4103,27,9,11.8,256.4,101.4,3,16,2020,29,LVR,16,16,348,517,169,67.3,4103,27,9,2,5.2,1.7,101.4,26,150,4.79,7.9,8.2,7.53,11.8,256.4,50.6,8,8,0,3,5,QB,CarrDe02
61,Kirk Cousins,4265,35,13,12.2,266.6,105,1,16,2020,32,MIN,16,16,349,516,167,67.6,4265,35,13,1,6.8,2.5,105,39,256,7.03,8.3,8.49,7.43,12.2,266.6,51.2,7,9,0,1,3,QB,CousKi00
62,Baker Mayfield,3563,26,8,11.7,222.7,95.9,2,16,2020,25,CLE,16,16,305,486,181,62.8,3563,26,8,1,5.3,1.6,95.9,26,162,5.08,7.3,7.66,6.96,11.7,222.7,49.4,11,5,0,2,2,QB,MayfBa00
63,Kyler Murray,3971,26,12,10.6,248.2,94.3,3,16,2020,23,ARI,16,16,375,558,183,67.2,3971,26,12,1,4.7,2.2,94.3,27,176,4.62,7.1,7.08,6.45,10.6,248.2,48.9,8,8,0,3,4,QB,MurrKy00
64,Philip Rivers,4169,24,11,11.3,260.6,97,2,16,2020,39,IND,16,16,369,543,174,68,4169,24,11,1,4.4,2,97,19,118,3.38,7.7,7.65,7.18,11.3,260.6,51.1,11,5,0,2,3,QB,RivePh00
65,Aaron Rodgers,4299,48,5,11.6,268.7,121.5,1,16,2020,37,GNB,16,16,372,526,154,70.7,4299,48,5,1,9.1,1,121.5,20,182,3.66,8.2,9.57,8.89,11.6,268.7,55.3,13,3,0,1,2,QB,RodgAa00
66,Matt Ryan,4581,26,11,11.3,286.3,93.3,0,16,2020,35,ATL,16,16,407,626,219,65,4581,26,11,0,4.2,1.8,93.3,41,257,6.15,7.3,7.36,6.52,11.3,286.3,47.8,4,12,0,0,0,QB,RyanMa00
67,Matthew Stafford,4084,26,10,12,255.3,96.3,3,16,2020,32,DET,16,16,339,528,189,64.2,4084,26,10,3,4.9,1.9,96.3,38,254,6.71,7.7,7.87,6.89,12,255.3,47.9,5,11,0,3,4,QB,StafMa00
68,Ryan Tannehill,3819,33,7,12.1,238.7,106.5,5,16,2020,32,TEN,16,16,315,481,166,65.5,3819,33,7,0,6.9,1.5,106.5,24,173,4.75,7.9,8.66,7.9,12.1,238.7,52.1,11,5,0,5,6,QB,TannRy00
69,Deshaun Watson,4823,33,7,12.6,301.4,112.4,0,16,2020,25,HOU,16,16,382,544,162,70.2,4823,33,7,0,6.1,1.3,112.4,49,293,8.26,8.9,9.5,8.22,12.6,301.4,54.5,4,12,0,0,0,QB,WatsDe00
70,Russell Wilson,4212,40,13,11,263.3,105.1,3,16,2020,32,SEA,16,16,384,558,174,68.8,4212,40,13,1,7.2,2.3,105.1,47,301,7.77,7.5,7.93,6.82,11,263.3,51.4,12,4,0,3,3,QB,WilsRu00
71,Josh Allen,3089,20,9,11.4,193.1,85.3,4,16,2019,23,BUF,16,16,271,461,190,58.8,3089,20,9,1,4.3,2,85.3,38,237,7.62,6.7,6.69,5.71,11.4,193.1,41.7,10,6,0,4,5,QB,AlleJo02
72,Tom Brady,4057,24,8,10.9,253.6,88,1,16,2019,42,NWE,16,16,373,613,240,60.8,4057,24,8,1,3.9,1.3,88,27,185,4.22,6.6,6.81,6.24,10.9,253.6,44.1,12,4,0,1,1,QB,BradTo00
73,Derek Carr,4054,21,8,11.2,253.4,100.8,2,16,2019,28,OAK,16,16,361,513,152,70.4,4054,21,8,2,4.1,1.6,100.8,29,184,5.35,7.9,8.02,7.25,11.2,253.4,50.7,7,9,0,2,3,QB,CarrDe02
74,Jimmy Garoppolo,3978,27,13,12.1,248.6,102,4,16,2019,28,SFO,16,16,329,476,147,69.1,3978,27,13,1,5.7,2.7,102,36,237,7.03,8.4,8.26,7.22,12.1,248.6,48.6,13,3,0,4,4,QB,GaroJi00
75,Jared Goff,4638,22,16,11.8,289.9,86.5,1,16,2019,25,LAR,16,16,394,626,232,62.9,4638,22,16,2,3.5,2.6,86.5,22,170,3.4,7.4,6.96,6.46,11.8,289.9,47.7,9,7,0,1,2,QB,GoffJa00
76,Baker Mayfield,3827,22,21,12.1,239.2,78.8,1,16,2019,24,CLE,16,16,317,534,217,59.4,3827,22,21,1,4.1,3.9,78.8,40,285,6.97,7.2,6.22,5.29,12.1,239.2,42.5,6,10,0,1,1,QB,MayfBa00
77,Kyler Murray,3722,20,12,10.7,232.6,87.4,1,16,2019,22,ARI,16,16,349,542,193,64.4,3722,20,12,2,3.7,2.2,87.4,48,309,8.14,6.9,6.61,5.55,10.7,232.6,43.7,5,10,1,1,2,QB,MurrKy00
78,Dak Prescott,4902,30,11,12.6,306.4,99.7,0,16,2019,26,DAL,16,16,388,596,208,65.1,4902,30,11,0,5,1.8,99.7,23,151,3.72,8.2,8.4,7.84,12.6,306.4,52.3,8,8,0,0,0,QB,PresDa01
79,Philip Rivers,4615,23,20,11.8,288.4,88.5,1,16,2019,38,LAC,16,16,390,591,201,66,4615,23,20,1,3.9,3.4,88.5,34,222,5.44,7.8,7.06,6.32,11.8,288.4,49.6,5,11,0,1,2,QB,RivePh00
80,Aaron Rodgers,4002,26,4,11.3,250.1,95.4,2,16,2019,36,GNB,16,16,353,569,216,62,4002,26,4,0,4.6,0.7,95.4,36,284,5.95,7,7.63,6.71,11.3,250.1,44,13,3,0,2,3,QB,RodgAa00
81,Carson Wentz,4039,27,7,10.4,252.4,93.1,2,16,2019,27,PHI,16,16,388,607,219,63.9,4039,27,7,0,4.4,1.2,93.1,37,230,5.75,6.7,7.02,6.26,10.4,252.4,48.4,9,7,0,2,4,QB,WentCa00
82,Russell Wilson,4110,31,5,12.1,256.9,106.3,4,16,2019,31,SEA,16,16,341,516,175,66.1,4110,31,5,2,6,1,106.3,48,319,8.51,8,8.73,7.42,12.1,256.9,49.6,11,5,0,4,5,QB,WilsRu00
83,Jameis Winston,5109,33,30,13.4,319.3,84.3,2,16,2019,25,TAM,16,16,380,626,246,60.7,5109,33,30,7,5.3,4.8,84.3,47,282,6.98,8.2,7.06,6.15,13.4,319.3,46.7,7,9,0,2,2,QB,WinsJa00
84,Tom Brady,4355,29,11,11.6,272.2,97.7,1,16,2018,41,NWE,16,16,375,570,195,65.8,4355,29,11,0,5.1,1.9,97.7,21,147,3.55,7.6,7.79,7.26,11.6,272.2,51.8,11,5,0,1,2,QB,BradTo00
85,Derek Carr,4049,19,10,10.6,253.1,93.9,3,16,2018,27,OAK,16,16,381,553,172,68.9,4049,19,10,2,3.4,1.8,93.9,51,299,8.44,7.3,7.2,6.09,10.6,253.1,48.5,4,12,0,3,3,QB,CarrDe02
86,Kirk Cousins,4298,30,10,10.1,268.6,99.7,1,16,2018,30,MIN,16,16,425,606,181,70.1,4298,30,10,3,5,1.7,99.7,40,262,6.19,7.1,7.34,6.48,10.1,268.6,49.4,8,7,1,1,0,QB,CousKi00
87,Jared Goff,4688,32,12,12.9,293,101.1,4,16,2018,24,LAR,16,16,364,561,197,64.9,4688,32,12,0,5.7,2.1,101.1,33,223,5.56,8.4,8.53,7.69,12.9,293,50.7,13,3,0,4,4,QB,GoffJa00
88,Case Keenum,3890,18,15,10.7,243.1,81.2,3,16,2018,30,DEN,16,16,365,586,221,62.3,3890,18,15,0,3.1,2.6,81.2,34,235,5.48,6.6,6.1,5.39,10.7,243.1,44.5,6,10,0,3,4,QB,KeenCa00
89,Andrew Luck,4593,39,15,10.7,287.1,98.7,3,16,2018,29,IND,16,16,430,639,209,67.3,4593,39,15,2,6.1,2.3,98.7,18,134,2.74,7.2,7.35,6.95,10.7,287.1,53,10,6,0,3,3,QB,LuckAn00
90,Patrick Mahomes,5097,50,12,13.3,318.6,113.8,2,16,2018,23,KAN,16,16,383,580,197,66,5097,50,12,1,8.6,2.1,113.8,26,171,4.29,8.8,9.58,8.89,13.3,318.6,54.1,12,4,0,2,2,QB,MahoPa00
91,Eli Manning,4299,21,11,11.3,268.7,92.4,1,16,2018,37,NYG,16,16,380,576,196,66,4299,21,11,1,3.6,1.9,92.4,47,358,7.54,7.5,7.33,6.21,11.3,268.7,43,5,11,0,1,2,QB,MannEl00
92,Dak Prescott,3885,22,8,10.9,242.8,96.9,3,16,2018,25,DAL,16,16,356,526,170,67.7,3885,22,8,0,4.2,1.5,96.9,56,347,9.62,7.4,7.54,6.22,10.9,242.8,45.2,10,6,0,3,5,QB,PresDa01
93,Philip Rivers,4308,32,12,12.4,269.3,105.5,3,16,2018,37,LAC,16,16,347,508,161,68.3,4308,32,12,1,6.3,2.4,105.5,32,204,5.93,8.5,8.68,7.79,12.4,269.3,52,12,4,0,3,3,QB,RivePh00
94,Aaron Rodgers,4442,25,2,11.9,277.6,97.6,3,16,2018,35,GNB,16,16,372,597,225,62.3,4442,25,2,0,4.2,0.3,97.6,49,353,7.59,7.4,8.13,6.96,11.9,277.6,45.8,6,9,1,3,3,QB,RodgAa00
95,Ben Roethlisberger,5129,34,16,11.3,320.6,96.5,2,16,2018,36,PIT,16,16,452,675,223,67,5129,34,16,1,5,2.4,96.5,24,166,3.43,7.6,7.54,7.04,11.3,320.6,50.9,9,6,1,2,3,QB,RoetBe00
96,Matt Ryan,4924,35,7,11.7,307.8,108.1,1,16,2018,33,ATL,16,16,422,608,186,69.4,4924,35,7,1,5.8,1.2,108.1,42,296,6.46,8.1,8.73,7.71,11.7,307.8,51.7,7,9,0,1,1,QB,RyanMa00
97,Matthew Stafford,3777,21,11,10.3,236.1,89.9,0,16,2018,30,DET,16,16,367,555,188,66.1,3777,21,11,2,3.8,2,89.9,40,255,6.72,6.8,6.67,5.79,10.3,236.1,45.7,6,10,0,0,1,QB,StafMa00
98,Deshaun Watson,4165,26,9,12.1,260.3,103.1,5,16,2018,23,HOU,16,16,345,505,160,68.3,4165,26,9,0,5.1,1.8,103.1,62,384,10.93,8.2,8.48,6.87,12.1,260.3,46.4,11,5,0,5,5,QB,WatsDe00
99,Russell Wilson,3448,35,7,12.3,215.5,110.9,2,16,2018,30,SEA,16,16,280,427,147,65.6,3448,35,7,2,8.2,1.6,110.9,51,355,10.67,8.1,8.98,7.28,12.3,215.5,44.1,10,6,0,2,4,QB,WilsRu00
100,Blake Bortles,3687,21,13,11.7,230.4,84.7,1,16,2017,25,JAX,16,16,315,523,208,60.2,3687,21,13,1,4,2.5,84.7,24,123,4.39,7,6.73,6.21,11.7,230.4,45.2,10,6,0,1,1,QB,BortBl00
101,Tom Brady,4577,32,8,11.9,286.1,102.8,2,16,2017,40,NWE,16,16,385,581,196,66.3,4577,32,8,1,5.5,1.4,102.8,35,201,5.68,7.9,8.36,7.56,11.9,286.1,49.7,13,3,0,2,2,QB,BradTo00
102,Drew Brees,4334,23,8,11.2,270.9,103.9,2,16,2017,38,NOR,16,16,386,536,150,72,4334,23,8,1,4.3,1.5,103.9,20,145,3.6,8.1,8.27,7.71,11.2,270.9,51.6,11,5,0,2,2,QB,BreeDr00
103,Kirk Cousins,4093,27,13,11.8,255.8,93.9,1,16,2017,29,WAS,16,16,347,540,193,64.3,4093,27,13,2,5,2.4,93.9,41,342,7.06,7.6,7.5,6.38,11.8,255.8,45.6,7,9,0,1,4,QB,CousKi00
104,Andy Dalton,3320,25,12,11.2,207.5,86.6,3,16,2017,30,CIN,16,16,297,496,199,59.9,3320,25,12,1,5,2.4,86.6,39,255,7.29,6.7,6.61,5.65,11.2,207.5,40.9,7,9,0,3,3,QB,DaltAn00
105,Joe Flacco,3141,18,13,8.9,196.3,80.4,0,16,2017,32,BAL,16,16,352,549,197,64.1,3141,18,13,2,3.3,2.4,80.4,27,205,4.69,5.7,5.31,4.71,8.9,196.3,40.6,9,7,0,0,0,QB,FlacJo00
106,Cam Newton,3302,22,16,11.3,206.4,80.7,1,16,2017,28,CAR,16,16,291,492,201,59.1,3302,22,16,1,4.5,3.3,80.7,35,242,6.64,6.7,6.14,5.28,11.3,206.4,43.8,11,5,0,1,3,QB,NewtCa00
107,Dak Prescott,3324,22,13,10.8,207.8,86.6,0,16,2017,24,DAL,16,16,308,490,182,62.9,3324,22,13,4,4.5,2.7,86.6,32,185,6.13,6.8,6.49,5.74,10.8,207.8,43.3,9,7,0,0,4,QB,PresDa01
108,Philip Rivers,4515,28,10,12.5,282.2,96,2,16,2017,36,LAC,16,16,360,575,215,62.6,4515,28,10,0,4.9,1.7,96,18,120,3.04,7.9,8.04,7.6,12.5,282.2,46.4,9,7,0,2,2,QB,RivePh00
109,Matt Ryan,4095,20,12,12,255.9,91.4,2,16,2017,32,ATL,16,16,342,529,187,64.7,4095,20,12,1,3.8,2.3,91.4,24,156,4.34,7.7,7.48,6.87,12,255.9,49.9,10,6,0,2,3,QB,RyanMa00
110,Matthew Stafford,4446,29,10,12,277.9,99.3,1,16,2017,29,DET,16,16,371,565,194,65.7,4446,29,10,3,5.1,1.8,99.3,47,287,7.68,7.9,8.1,7.01,12,277.9,45.6,9,7,0,1,4,QB,StafMa00
111,Russell Wilson,3983,34,11,11.7,248.9,95.4,2,16,2017,29,SEA,16,16,339,553,214,61.3,3983,34,11,0,6.1,2,95.4,43,322,7.21,7.2,7.54,6.45,11.7,248.9,43.8,9,7,0,2,2,QB,WilsRu00
112,Blake Bortles,3905,23,16,10.6,244.1,78.8,1,16,2016,24,JAX,16,16,368,625,257,58.9,3905,23,16,3,3.7,2.6,78.8,34,197,5.16,6.2,5.83,5.23,10.6,244.1,42.9,3,13,0,1,1,QB,BortBl00
113,Drew Brees,5208,37,15,11.1,325.5,101.7,2,16,2016,37,NOR,16,16,471,673,202,70,5208,37,15,2,5.5,2.2,101.7,27,184,3.86,7.7,7.84,7.27,11.1,325.5,53.9,7,9,0,2,4,QB,BreeDr00
114,Kirk Cousins,4917,25,12,12.1,307.3,97.2,4,16,2016,28,WAS,16,16,406,606,200,67,4917,25,12,2,4.1,2,97.2,23,190,3.66,8.1,8.05,7.45,12.1,307.3,51.2,8,7,1,4,4,QB,CousKi00
115,Andy Dalton,4206,18,8,11.6,262.9,91.8,2,16,2016,29,CIN,16,16,364,563,199,64.7,4206,18,8,0,3.2,1.4,91.8,41,264,6.79,7.5,7.47,6.53,11.6,262.9,47.8,6,9,1,2,1,QB,DaltAn00
116,Joe Flacco,4317,20,15,9.9,269.8,83.5,2,16,2016,31,BAL,16,16,436,672,236,64.9,4317,20,15,0,3,2.2,83.5,33,243,4.68,6.4,6.01,5.39,9.9,269.8,43,8,8,0,2,2,QB,FlacJo00
117,Eli Manning,4027,26,16,10.7,251.7,86,3,16,2016,35,NYG,16,16,377,598,221,63,4027,26,16,1,4.3,2.7,86,21,142,3.39,6.7,6.4,5.95,10.7,251.7,45.1,11,5,0,3,6,QB,MannEl00
118,Dak Prescott,3667,23,4,11.8,229.2,104.9,5,16,2016,23,DAL,16,16,311,459,148,67.8,3667,23,4,0,5,0.9,104.9,25,143,5.17,8,8.6,7.86,11.8,229.2,52.3,13,3,0,5,5,QB,PresDa01
119,Philip Rivers,4386,33,21,12.6,274.1,87.9,1,16,2016,35,SDG,16,16,349,578,229,60.4,4386,33,21,3,5.7,3.6,87.9,36,188,5.86,7.6,7.1,6.37,12.6,274.1,46.6,5,11,0,1,1,QB,RivePh00
120,Aaron Rodgers,4428,40,7,11,276.8,104.2,0,16,2016,33,GNB,16,16,401,610,209,65.7,4428,40,7,0,6.6,1.1,104.2,35,246,5.43,7.3,8.05,7.24,11,276.8,49.6,10,6,0,0,2,QB,RodgAa00
121,Matt Ryan,4944,38,7,13.3,309,117.1,1,16,2016,31,ATL,16,16,373,534,161,69.9,4944,38,7,2,7.1,1.3,117.1,37,235,6.48,9.3,10.09,9.03,13.3,309,52.5,11,5,0,1,2,QB,RyanMa00
122,Matthew Stafford,4327,24,10,11.2,270.4,93.3,8,16,2016,28,DET,16,16,388,594,206,65.3,4327,24,10,1,4,1.7,93.3,37,216,5.86,7.3,7.34,6.56,11.2,270.4,48,9,7,0,8,8,QB,StafMa00
123,Carson Wentz,3782,16,14,10,236.4,79.3,1,16,2016,24,PHI,16,16,379,607,228,62.4,3782,16,14,0,2.6,2.3,79.3,33,213,5.16,6.2,5.72,5.09,10,236.4,44.2,7,9,0,1,1,QB,WentCa00
124,Russell Wilson,4219,21,11,12,263.7,92.6,4,16,2016,28,SEA,16,16,353,546,193,64.7,4219,21,11,0,3.8,2,92.6,41,293,6.98,7.7,7.59,6.56,12,263.7,47.2,10,5,1,4,3,QB,WilsRu00
125,Jameis Winston,4090,28,18,11.9,255.6,86.1,1,16,2016,22,TAM,16,16,345,567,222,60.8,4090,28,18,1,4.9,3.2,86.1,35,239,5.81,7.2,6.77,5.98,11.9,255.6,47.8,9,7,0,1,3,QB,WinsJa00
126,Blake Bortles,4428,35,18,12.5,276.8,88.2,3,16,2015,23,JAX,16,16,355,606,251,58.6,4428,35,18,4,5.8,3,88.2,51,320,7.76,7.3,7.13,6.09,12.5,276.8,45.1,5,11,0,3,4,QB,BortBl00
127,Tom Brady,4770,36,7,11.9,298.1,102.2,2,16,2015,38,NWE,16,16,402,624,222,64.4,4770,36,7,2,5.8,1.1,102.2,38,225,5.74,7.6,8.29,7.48,11.9,298.1,47.4,12,4,0,2,2,QB,BradTo00
128,Teddy Bridgewater,3231,14,9,11.1,201.9,88.7,1,16,2015,23,MIN,16,16,292,447,155,65.3,3231,14,9,0,3.1,2,88.7,44,307,8.96,7.2,6.95,5.7,11.1,201.9,40.9,11,5,0,1,1,QB,BridTe00
129,Derek Carr,3987,32,13,11.4,249.2,91.1,4,16,2015,24,OAK,16,16,350,573,223,61.1,3987,32,13,3,5.6,2.3,91.1,31,230,5.13,7,7.05,6.31,11.4,249.2,43.9,7,9,0,4,4,QB,CarrDe02
130,Kirk Cousins,4166,29,11,11,260.4,101.6,2,16,2015,27,WAS,16,16,379,543,164,69.8,4166,29,11,1,5.3,2,101.6,26,186,4.57,7.7,7.83,7.14,11,260.4,51.1,9,7,0,2,3,QB,CousKi00
131,Ryan Fitzpatrick,3905,31,15,11.7,244.1,88,2,16,2015,33,NYJ,16,16,335,562,227,59.6,3905,31,15,0,5.5,2.7,88,19,94,3.27,6.9,6.85,6.46,11.7,244.1,44.4,10,6,0,2,3,QB,FitzRy00
132,Eli Manning,4432,35,14,11.5,277,93.6,1,16,2015,34,NYG,16,16,387,618,231,62.6,4432,35,14,2,5.7,2.3,93.6,27,157,4.19,7.2,7.28,6.74,11.5,277,46.7,6,10,0,1,2,QB,MannEl00
133,Cam Newton,3837,35,10,13,239.8,99.4,3,16,2015,26,CAR,16,16,296,495,199,59.8,3837,35,10,0,7.1,2,99.4,33,284,6.25,7.8,8.26,7.2,13,239.8,48.1,15,1,0,3,4,QB,NewtCa00
134,Carson Palmer,4671,35,11,13.7,291.9,104.6,1,16,2015,36,ARI,16,16,342,537,195,63.7,4671,35,11,0,6.5,2,104.6,25,151,4.45,8.7,9.08,8.41,13.7,291.9,52.7,13,3,0,1,4,QB,PalmCa00
135,Philip Rivers,4792,29,13,11,299.5,93.8,1,16,2015,34,SDG,16,16,437,661,224,66.1,4792,29,13,5,4.4,2,93.8,40,264,5.71,7.2,7.24,6.45,11,299.5,48.2,4,12,0,1,2,QB,RivePh00
136,Aaron Rodgers,3821,31,8,11,238.8,92.7,2,16,2015,32,GNB,16,16,347,572,225,60.7,3821,31,8,0,5.4,1.4,92.7,46,314,7.44,6.7,7.13,6.1,11,238.8,43,10,6,0,2,2,QB,RodgAa00
137,Matt Ryan,4591,21,16,11.3,286.9,89,4,16,2015,30,ATL,16,16,407,614,207,66.3,4591,21,16,1,3.4,2.6,89,30,203,4.66,7.5,6.99,6.35,11.3,286.9,50.8,8,8,0,4,4,QB,RyanMa00
138,Alex Smith,3486,20,7,11.4,217.9,95.4,1,16,2015,31,KAN,16,16,307,470,163,65.3,3486,20,7,1,4.3,1.5,95.4,45,235,8.74,7.4,7.6,6.48,11.4,217.9,43.9,11,5,0,1,1,QB,SmitAl03
139,Matthew Stafford,4262,32,13,10.7,266.4,97,2,16,2015,27,DET,16,16,398,592,194,67.2,4262,32,13,1,5.4,2.2,97,44,251,6.92,7.2,7.29,6.39,10.7,266.4,49.4,7,9,0,2,3,QB,StafMa00
140,Ryan Tannehill,4208,24,12,11.6,263,88.7,2,16,2015,27,MIA,16,16,363,586,223,61.9,4208,24,12,2,4.1,2,88.7,45,420,7.13,7.2,7.08,5.91,11.6,263,42,6,10,0,2,2,QB,TannRy00
141,Russell Wilson,4024,34,8,12.2,251.5,110.1,2,16,2015,27,SEA,16,16,329,483,154,68.1,4024,34,8,0,7,1.7,110.1,45,265,8.52,8.3,8.99,7.73,12.2,251.5,50.8,10,6,0,2,2,QB,WilsRu00
142,Jameis Winston,4042,22,15,13,252.6,84.2,2,16,2015,21,TAM,16,16,312,535,223,58.3,4042,22,15,2,4.1,2.8,84.2,27,190,4.8,7.6,7.12,6.44,13,252.6,45.6,6,10,0,2,3,QB,WinsJa00
143,Tom Brady,4109,33,9,11,256.8,97.4,2,16,2014,37,NWE,16,16,373,582,209,64.1,4109,33,9,1,5.7,1.5,97.4,21,134,3.48,7.1,7.5,7.01,11,256.8,49.1,12,4,0,2,2,QB,BradTo00
144,Drew Brees,4952,33,17,10.9,309.5,97,2,16,2014,35,NOR,16,16,456,659,203,69.2,4952,33,17,3,5,2.6,97,29,186,4.22,7.5,7.36,6.77,10.9,309.5,52.9,7,9,0,2,2,QB,BreeDr00
145,Derek Carr,3270,21,12,9.4,204.4,76.6,1,16,2014,23,OAK,16,16,348,599,251,58.1,3270,21,12,1,3.5,2,76.6,24,149,3.85,5.5,5.26,4.82,9.4,204.4,39.5,3,13,0,1,1,QB,CarrDe02
146,Andy Dalton,3398,19,17,11,212.4,83.5,4,16,2014,27,CIN,16,16,309,481,172,64.2,3398,19,17,2,4,3.5,83.5,21,124,4.18,7.1,6.26,5.75,11,212.4,45.8,10,5,1,4,3,QB,DaltAn00
147,Joe Flacco,3986,27,12,11.6,249.1,91,2,16,2014,29,BAL,16,16,344,554,210,62.1,3986,27,12,0,4.9,2.2,91,19,167,3.32,7.2,7.19,6.66,11.6,249.1,47.8,10,6,0,2,2,QB,FlacJo00
148,Colin Kaepernick,3369,19,10,11.7,210.6,86.4,3,16,2014,27,SFO,16,16,289,478,189,60.5,3369,19,10,1,4,2.1,86.4,52,344,9.81,7,6.9,5.58,11.7,210.6,42.5,8,8,0,3,2,QB,KaepCo00
149,Andrew Luck,4761,40,16,12.5,297.6,96.5,1,16,2014,25,IND,16,16,380,616,236,61.7,4761,40,16,3,6.5,2.6,96.5,27,161,4.2,7.7,7.86,7.28,12.5,297.6,47.9,11,5,0,1,1,QB,LuckAn00
150,Eli Manning,4410,30,14,11.6,275.6,92.1,1,16,2014,33,NYG,16,16,379,601,222,63.1,4410,30,14,1,5,2.3,92.1,28,187,4.45,7.3,7.29,6.67,11.6,275.6,47.4,6,10,0,1,1,QB,MannEl00
151,Peyton Manning,4727,39,15,12,295.4,101.5,1,16,2014,38,DEN,16,16,395,597,202,66.2,4727,39,15,1,6.5,2.5,101.5,17,118,2.77,7.9,8.09,7.68,12,295.4,51.6,12,4,0,1,1,QB,MannPe00
152,Philip Rivers,4286,31,18,11.3,267.9,93.8,3,16,2014,33,SDG,16,16,379,570,191,66.5,4286,31,18,2,5.4,3.2,93.8,36,189,5.94,7.5,7.19,6.45,11.3,267.9,49.8,9,7,0,3,3,QB,RivePh00
153,Aaron Rodgers,4381,38,5,12.8,273.8,112.2,1,16,2014,31,GNB,16,16,341,520,179,65.6,4381,38,5,0,7.3,1,112.2,28,174,5.11,8.4,9.45,8.65,12.8,273.8,52.4,12,4,0,1,1,QB,RodgAa00
154,Ben Roethlisberger,4952,32,9,12.1,309.5,103.3,2,16,2014,32,PIT,16,16,408,608,200,67.1,4952,32,9,0,5.3,1.5,103.3,33,172,5.15,8.1,8.53,7.82,12.1,309.5,51.6,11,5,0,2,3,QB,RoetBe00
155,Matt Ryan,4694,28,14,11.3,293.4,93.9,3,16,2014,29,ATL,16,16,415,628,213,66.1,4694,28,14,4,4.5,2.2,93.9,31,205,4.7,7.5,7.36,6.71,11.3,293.4,49,6,10,0,3,3,QB,RyanMa00
156,Matthew Stafford,4257,22,12,11.7,266.1,85.7,5,16,2014,26,DET,16,16,363,602,239,60.3,4257,22,12,0,3.7,2,85.7,45,254,6.96,7.1,6.91,6.03,11.7,266.1,43.3,11,5,0,5,5,QB,StafMa00
157,Ryan Tannehill,4045,27,12,10.3,252.8,92.8,2,16,2014,26,MIA,16,16,392,590,198,66.4,4045,27,12,0,4.6,2,92.8,46,337,7.23,6.9,6.86,5.83,10.3,252.8,47.3,8,8,0,2,1,QB,TannRy00
158,Russell Wilson,3475,20,7,12.2,217.2,95,1,16,2014,26,SEA,16,16,285,452,167,63.1,3475,20,7,0,4.4,1.5,95,42,242,8.5,7.7,7.88,6.72,12.2,217.2,42.5,12,4,0,1,4,QB,WilsRu00
159,Tom Brady,4343,25,11,11.4,271.4,87.3,5,16,2013,36,NWE,16,16,380,628,248,60.5,4343,25,11,1,4,1.8,87.3,40,256,5.99,6.9,6.92,6.13,11.4,271.4,45.2,12,4,0,5,5,QB,BradTo00
160,Drew Brees,5162,39,12,11.6,322.6,104.7,2,16,2013,34,NOR,16,16,446,650,204,68.6,5162,39,12,1,6,1.8,104.7,37,244,5.39,7.9,8.31,7.51,11.6,322.6,52,11,5,0,2,2,QB,BreeDr00
161,Andy Dalton,4293,33,20,11.8,268.3,88.8,1,16,2013,26,CIN,16,16,363,586,223,61.9,4293,33,20,2,5.6,3.4,88.8,29,182,4.72,7.3,6.92,6.29,11.8,268.3,45.7,11,5,0,1,3,QB,DaltAn00
162,Joe Flacco,3912,19,22,10.8,244.5,73.1,2,16,2013,28,BAL,16,16,362,614,252,59,3912,19,22,3,3.1,3.6,73.1,48,324,7.25,6.4,5.38,4.5,10.8,244.5,38.5,8,8,0,2,4,QB,FlacJo00
163,Colin Kaepernick,3197,21,8,13.2,199.8,91.6,2,16,2013,26,SFO,16,16,243,416,173,58.4,3197,21,8,0,5,1.9,91.6,39,231,8.57,7.7,7.83,6.65,13.2,199.8,43.1,12,4,0,2,3,QB,KaepCo00
164,Andrew Luck,3822,23,9,11.1,238.9,87,3,16,2013,24,IND,16,16,343,570,227,60.2,3822,23,9,1,4,1.6,87,32,227,5.32,6.7,6.8,6.06,11.1,238.9,44.7,11,5,0,3,3,QB,LuckAn00
165,Eli Manning,3818,18,27,12,238.6,69.4,1,16,2013,32,NYG,16,16,317,551,234,57.5,3818,18,27,3,3.3,4.9,69.4,39,281,6.61,6.9,5.38,4.55,12,238.6,41.9,7,9,0,1,2,QB,MannEl00
166,Peyton Manning,5477,55,10,12.2,342.3,115.1,2,16,2013,37,DEN,16,16,450,659,209,68.3,5477,55,10,2,8.3,1.5,115.1,18,120,2.66,8.3,9.3,8.87,12.2,342.3,55.2,13,3,0,2,2,QB,MannPe00
167,Cam Newton,3379,24,13,11.6,211.2,88.8,4,16,2013,24,CAR,16,16,292,473,181,61.7,3379,24,13,0,5.1,2.7,88.8,43,336,8.33,7.1,6.92,5.69,11.6,211.2,43.2,12,4,0,4,4,QB,NewtCa00
168,Carson Palmer,4274,24,22,11.8,267.1,83.9,3,16,2013,34,ARI,16,16,362,572,210,63.3,4274,24,22,1,4.2,3.8,83.9,41,289,6.69,7.5,6.58,5.67,11.8,267.1,46.5,10,6,0,3,4,QB,PalmCa00
169,Philip Rivers,4478,32,11,11.8,279.9,105.5,4,16,2013,32,SDG,16,16,378,544,166,69.5,4478,32,11,2,5.9,2,105.5,30,150,5.23,8.2,8.5,7.79,11.8,279.9,55.7,9,7,0,4,4,QB,RivePh00
170,Ben Roethlisberger,4261,28,14,11.4,266.3,92,1,16,2013,31,PIT,16,16,375,584,209,64.2,4261,28,14,1,4.8,2.4,92,42,282,6.71,7.3,7.18,6.24,11.4,266.3,47.4,8,8,0,1,3,QB,RoetBe00
171,Matt Ryan,4515,26,17,10.3,282.2,89.6,1,16,2013,28,ATL,16,16,439,651,212,67.4,4515,26,17,4,4,2.6,89.6,44,298,6.33,6.9,6.56,5.72,10.3,282.2,47.1,4,12,0,1,1,QB,RyanMa00
172,Geno Smith,3046,12,21,12.3,190.4,66.5,2,16,2013,23,NYJ,16,16,247,443,196,55.8,3046,12,21,5,2.7,4.7,66.5,43,315,8.85,6.9,5.28,4.17,12.3,190.4,39.5,8,8,0,2,5,QB,SmitGe00
173,Matthew Stafford,4650,29,19,12.5,290.6,84.2,2,16,2013,25,DET,16,16,371,634,263,58.5,4650,29,19,3,4.6,3,84.2,23,168,3.5,7.3,6.9,6.4,12.5,290.6,46.9,7,9,0,2,3,QB,StafMa00
174,Ryan Tannehill,3913,24,17,11,244.6,81.7,4,16,2013,25,MIA,16,16,355,588,233,60.4,3913,24,17,2,4.1,2.9,81.7,58,399,8.98,6.7,6.17,5,11,244.6,44.1,8,8,0,4,3,QB,TannRy00
175,Russell Wilson,3357,26,9,13.1,209.8,101.2,3,16,2013,25,SEA,16,16,257,407,150,63.1,3357,26,9,0,6.4,2.2,101.2,44,272,9.76,8.2,8.53,7.1,13.1,209.8,44.8,13,3,0,3,4,QB,WilsRu00
176,Sam Bradford,3702,21,13,11.3,231.4,82.6,4,16,2012,25,STL,16,16,328,551,223,59.5,3702,21,13,2,3.8,2.4,82.6,35,233,5.97,6.7,6.42,5.64,11.3,231.4,43.5,7,8,1,4,3,QB,BradSa00
177,Tom Brady,4827,34,8,12,301.7,98.7,1,16,2012,35,NWE,16,16,401,637,236,63,4827,34,8,0,5.3,1.3,98.7,27,182,4.07,7.6,8.08,7.48,12,301.7,52.7,12,4,0,1,2,QB,BradTo00
178,Drew Brees,5177,43,19,12.3,323.6,96.3,1,16,2012,33,NOR,16,16,422,670,248,63,5177,43,19,3,6.4,2.8,96.3,26,190,3.74,7.7,7.73,7.17,12.3,323.6,50.3,7,9,0,1,2,QB,BreeDr00
179,Andy Dalton,3669,27,16,11.2,229.3,87.4,1,16,2012,25,CIN,16,16,329,528,199,62.3,3669,27,16,4,5.1,3,87.4,46,229,8.01,6.9,6.61,5.68,11.2,229.3,44.9,10,6,0,1,3,QB,DaltAn00
180,Ryan Fitzpatrick,3400,24,16,11.1,212.5,83.3,0,16,2012,30,BUF,16,16,306,505,199,60.6,3400,24,16,2,4.8,3.2,83.3,30,161,5.61,6.7,6.26,5.61,11.1,212.5,43.6,6,10,0,0,1,QB,FitzRy00
181,Joe Flacco,3817,22,10,12,238.6,87.7,3,16,2012,27,BAL,16,16,317,531,214,59.7,3817,22,10,2,4.1,1.9,87.7,35,227,6.18,7.2,7.17,6.33,12,238.6,43.1,10,6,0,3,3,QB,FlacJo00
182,Josh Freeman,4065,27,17,13.3,254.1,81.6,1,16,2012,24,TAM,16,16,306,558,252,54.8,4065,27,17,3,4.8,3,81.6,26,161,4.45,7.3,6.88,6.3,13.3,254.1,41.4,7,9,0,1,1,QB,FreeJo00
183,Andrew Luck,4374,23,18,12.9,273.4,76.5,4,16,2012,23,IND,16,16,339,627,288,54.1,4374,23,18,3,3.7,2.9,76.5,41,246,6.14,7,6.42,5.66,12.9,273.4,43.4,11,5,0,4,7,QB,LuckAn00
184,Eli Manning,3948,26,15,12.3,246.8,87.2,3,16,2012,31,NYG,16,16,321,536,215,59.9,3948,26,15,2,4.9,2.8,87.2,19,136,3.42,7.4,7.08,6.59,12.3,246.8,46.7,9,7,0,3,3,QB,MannEl00
185,Peyton Manning,4659,37,11,11.6,291.2,105.8,3,16,2012,36,DEN,16,16,400,583,183,68.6,4659,37,11,2,6.3,1.9,105.8,21,137,3.48,8,8.41,7.89,11.6,291.2,54,13,3,0,3,3,QB,MannPe00
186,Cam Newton,3869,19,12,13.8,241.8,86.2,1,16,2012,23,CAR,16,16,280,485,205,57.7,3869,19,12,3,3.9,2.5,86.2,36,244,6.91,8,7.65,6.65,13.8,241.8,43,7,9,0,1,1,QB,NewtCa00
187,Christian Ponder,2935,18,12,9.8,183.4,81.2,1,16,2012,24,MIN,16,16,300,483,183,62.1,2935,18,12,1,3.7,2.5,81.2,32,184,6.21,6.1,5.7,4.99,9.8,183.4,43.9,10,6,0,1,2,QB,PondCh00
188,Philip Rivers,3606,26,15,10.7,225.4,88.6,0,16,2012,31,SDG,16,16,338,527,189,64.1,3606,26,15,2,4.9,2.8,88.6,49,311,8.51,6.8,6.55,5.45,10.7,225.4,44.1,7,9,0,0,0,QB,RivePh00
189,Aaron Rodgers,4295,39,8,11.6,268.4,108,2,16,2012,29,GNB,16,16,371,552,181,67.2,4295,39,8,0,7.1,1.4,108,51,293,8.46,7.8,8.54,7.33,11.6,268.4,49.8,11,5,0,2,3,QB,RodgAa00
190,Tony Romo,4903,28,19,11.5,306.4,90.5,5,16,2012,32,DAL,16,16,425,648,223,65.6,4903,28,19,3,4.3,2.9,90.5,36,263,5.26,7.6,7.11,6.35,11.5,306.4,51.5,8,8,0,5,5,QB,RomoTo00
191,Matt Ryan,4719,32,14,11.2,294.9,99.1,4,16,2012,27,ATL,16,16,422,615,193,68.6,4719,32,14,1,5.2,2.3,99.1,28,210,4.35,7.7,7.69,7.03,11.2,294.9,52.7,13,3,0,4,6,QB,RyanMa00
192,Matt Schaub,4008,22,12,11.5,250.5,90.7,2,16,2012,31,HOU,16,16,350,544,194,64.3,4008,22,12,0,4,2.2,90.7,27,216,4.73,7.4,7.18,6.47,11.5,250.5,47.5,12,4,0,2,2,QB,SchaMa00
193,Matthew Stafford,4967,20,17,11.4,310.4,79.8,3,16,2012,24,DET,16,16,435,727,292,59.8,4967,20,17,4,2.8,2.3,79.8,29,212,3.84,6.8,6.33,5.81,11.4,310.4,47.5,4,12,0,3,3,QB,StafMa00
194,Ryan Tannehill,3294,12,13,11.7,205.9,76.1,1,16,2012,24,MIA,16,16,282,484,202,58.3,3294,12,13,2,2.5,2.7,76.1,35,234,6.74,6.8,6.09,5.23,11.7,205.9,42,7,9,0,1,1,QB,TannRy00
195,Russell Wilson,3118,26,10,12.4,194.9,100,3,16,2012,24,SEA,16,16,252,393,141,64.1,3118,26,10,1,6.6,2.5,100,33,203,7.75,7.9,8.11,7.01,12.4,194.9,48.1,11,5,0,3,4,QB,WilsRu00
196,Tom Brady,5235,39,12,13.1,327.2,105.6,1,16,2011,34,NWE,16,16,401,611,210,65.6,5235,39,12,1,6.4,2,105.6,32,173,4.98,8.6,8.96,8.25,13.1,327.2,55.5,13,3,0,1,2,QB,BradTo00
197,Drew Brees,5476,46,14,11.7,342.3,110.6,3,16,2011,32,NOR,16,16,468,657,189,71.2,5476,46,14,1,7,2.1,110.6,24,158,3.52,8.3,8.78,8.23,11.7,342.3,56.5,13,3,0,3,4,QB,BreeDr00
198,Andy Dalton,3398,20,13,11.3,212.4,80.4,4,16,2011,24,CIN,16,16,300,516,216,58.1,3398,20,13,1,3.9,2.5,80.4,24,160,4.44,6.6,6.23,5.65,11.3,212.4,39.4,9,7,0,4,4,QB,DaltAn00
199,Ryan Fitzpatrick,3832,24,23,10.9,239.5,79.1,2,16,2011,29,BUF,16,16,353,569,216,62,3832,24,23,3,4.2,4,79.1,22,148,3.72,6.7,5.76,5.29,10.9,239.5,42.8,6,10,0,2,2,QB,FitzRy00
200,Joe Flacco,3610,20,12,11.6,225.6,80.9,2,16,2011,26,BAL,16,16,312,542,230,57.6,3610,20,12,1,3.7,2.2,80.9,31,203,5.41,6.7,6.4,5.7,11.6,225.6,42.1,12,4,0,2,3,QB,FlacJo00
201,Matt Hasselbeck,3571,18,14,11.2,223.2,82.4,2,16,2011,36,TEN,16,16,319,518,199,61.6,3571,18,14,3,3.5,2.7,82.4,19,153,3.54,6.9,6.37,5.86,11.2,223.2,42.3,9,7,0,2,3,QB,HassMa00
202,Eli Manning,4933,29,16,13.7,308.3,92.9,5,16,2011,30,NYG,16,16,359,589,230,61,4933,29,16,3,4.9,2.7,92.9,28,199,4.54,8.4,8.14,7.45,13.7,308.3,48.3,9,7,0,5,6,QB,MannEl00
203,Cam Newton,4051,21,17,13.1,253.2,84.5,1,16,2011,22,CAR,16,16,310,517,207,60,4051,21,17,1,4.1,3.3,84.5,35,260,6.34,7.8,7.17,6.24,13.1,253.2,44.2,6,10,0,1,1,QB,NewtCa00
204,Philip Rivers,4624,27,20,12.6,289,88.7,1,16,2011,30,SDG,16,16,366,582,216,62.9,4624,27,20,4,4.6,3.4,88.7,30,198,4.9,7.9,7.33,6.64,12.6,289,49.3,8,8,0,1,1,QB,RivePh00
205,Tony Romo,4184,31,10,12.1,261.5,102.5,4,16,2011,31,DAL,16,16,346,522,176,66.3,4184,31,10,2,5.9,1.9,102.5,36,227,6.45,8,8.34,7.4,12.1,261.5,49.6,8,8,0,4,4,QB,RomoTo00
206,Matt Ryan,4177,29,12,12,261.1,92.2,3,16,2011,26,ATL,16,16,347,566,219,61.3,4177,29,12,1,5.1,2.1,92.2,26,173,4.39,7.4,7.45,6.83,12,261.1,47.3,10,6,0,3,3,QB,RyanMa00
207,Mark Sanchez,3474,26,18,11.3,217.1,78.2,4,16,2011,25,NYJ,16,16,308,543,235,56.7,3474,26,18,3,4.8,3.3,78.2,39,243,6.7,6.4,5.86,5.05,11.3,217.1,40.2,8,8,0,4,4,QB,SancMa00
208,Alex Smith,3144,17,5,11.5,196.5,90.7,5,16,2011,27,SFO,16,16,273,445,172,61.3,3144,17,5,0,3.8,1.1,90.7,44,263,9,7.1,7.32,6.13,11.5,196.5,42.3,13,3,0,5,5,QB,SmitAl03
209,Matthew Stafford,5038,41,16,12,314.9,97.2,3,16,2011,23,DET,16,16,421,663,242,63.5,5038,41,16,3,6.2,2.4,97.2,36,257,5.15,7.6,7.75,6.98,12,314.9,49.8,10,6,0,3,4,QB,StafMa00
210,Sam Bradford,3512,18,15,9.9,219.5,76.5,0,16,2010,23,STL,16,16,354,590,236,60,3512,18,15,2,3.1,2.5,76.5,34,244,5.45,6,5.42,4.73,9.9,219.5,42.1,7,9,0,0,0,QB,BradSa00
211,Tom Brady,3900,36,4,12,243.8,111,2,16,2010,33,NWE,16,16,324,492,168,65.9,3900,36,4,0,7.3,0.8,111,25,175,4.84,7.9,9.02,8.25,12,243.8,50.1,14,2,0,2,3,QB,BradTo00
212,Drew Brees,4620,33,22,10.3,288.8,90.9,4,16,2010,31,NOR,16,16,448,658,210,68.1,4620,33,22,4,5,3.3,90.9,25,185,3.66,7,6.52,6.01,10.3,288.8,51.2,11,5,0,4,5,QB,BreeDr00
213,Joe Flacco,3622,25,10,11.8,226.4,93.6,2,16,2010,25,BAL,16,16,306,489,183,62.6,3622,25,10,0,5.1,2,93.6,40,294,7.56,7.4,7.51,6.39,11.8,226.4,44,12,4,0,2,4,QB,FlacJo00
214,Josh Freeman,3451,25,6,11.9,215.7,95.9,5,16,2010,22,TAM,16,16,291,474,183,61.4,3451,25,6,1,5.3,1.3,95.9,28,195,5.58,7.3,7.77,6.94,11.9,215.7,44.4,10,6,0,5,5,QB,FreeJo00
215,Eli Manning,4002,31,25,11.8,250.1,85.3,1,16,2010,29,NYG,16,16,339,539,200,62.9,4002,31,25,1,5.8,4.6,85.3,16,117,2.88,7.4,6.49,6.09,11.8,250.1,47.9,10,6,0,1,1,QB,MannEl00
216,Peyton Manning,4700,33,17,10.4,293.8,91.9,0,16,2010,34,IND,16,16,450,679,229,66.3,4700,33,17,4,4.9,2.5,91.9,16,91,2.3,6.9,6.77,6.48,10.4,293.8,54.1,10,6,0,0,2,QB,MannPe00
217,Carson Palmer,3970,26,20,11,248.1,82.4,1,16,2010,31,CIN,16,16,362,586,224,61.8,3970,26,20,5,4.4,3.4,82.4,26,201,4.25,6.8,6.13,5.54,11,248.1,48.4,4,12,0,1,1,QB,PalmCa00
218,Philip Rivers,4710,30,13,13.2,294.4,101.8,1,16,2010,29,SDG,16,16,357,541,184,66,4710,30,13,0,5.5,2.4,101.8,38,227,6.56,8.7,8.73,7.77,13.2,294.4,49.9,9,7,0,1,1,QB,RivePh00
219,Matt Ryan,3705,28,9,10.4,231.6,91,5,16,2010,25,ATL,16,16,357,571,214,62.5,3705,28,9,0,4.9,1.6,91,23,158,3.87,6.5,6.76,6.23,10.4,231.6,46.1,13,3,0,5,6,QB,RyanMa00
220,Mark Sanchez,3291,17,13,11.8,205.7,75.3,3,16,2010,24,NYJ,16,16,278,507,229,54.8,3291,17,13,0,3.4,2.6,75.3,27,171,5.06,6.5,6.01,5.38,11.8,205.7,41.4,11,5,0,3,5,QB,SancMa00
221,Matt Schaub,4370,24,12,12,273.1,92,2,16,2010,29,HOU,16,16,365,574,209,63.6,4370,24,12,2,4.2,2.1,92,32,226,5.28,7.6,7.51,6.74,12,273.1,47.9,6,10,0,2,2,QB,SchaMa00
222,Tom Brady,4398,28,13,11.9,274.9,96.2,1,16,2009,32,NWE,16,16,371,565,194,65.7,4398,28,13,1,5,2.3,96.2,16,86,2.75,7.8,7.74,7.38,11.9,274.9,54.6,10,6,0,1,1,QB,BradTo00
223,Jason Campbell,3618,20,15,11.1,226.1,86.4,1,16,2009,28,WAS,16,16,327,507,180,64.5,3618,20,15,3,3.9,3,86.4,43,285,7.82,7.1,6.59,5.56,11.1,226.1,45.8,4,12,0,1,1,QB,CampJa00
224,Jay Cutler,3666,27,26,10.9,229.1,76.8,2,16,2009,26,CHI,16,16,336,555,219,60.5,3666,27,26,0,4.9,4.7,76.8,35,204,5.93,6.6,5.47,4.8,10.9,229.1,41.7,7,9,0,2,4,QB,CutlJa00
225,Brett Favre,4202,33,7,11.6,262.6,107.2,2,16,2009,40,MIN,16,16,363,531,168,68.4,4202,33,7,1,6.2,1.3,107.2,34,247,6.02,7.9,8.56,7.61,11.6,262.6,49.9,12,4,0,2,2,QB,FavrBr00
226,Joe Flacco,3613,21,12,11.5,225.8,88.9,1,16,2009,24,BAL,16,16,315,499,184,63.1,3613,21,12,0,4.2,2.4,88.9,36,218,6.73,7.2,7,6.12,11.5,225.8,46.4,9,7,0,1,2,QB,FlacJo00
227,David Garrard,3597,15,10,11.5,224.8,83.5,3,16,2009,31,JAX,16,16,314,516,202,60.9,3597,15,10,1,2.9,1.9,83.5,42,236,7.53,7,6.68,5.75,11.5,224.8,43.9,7,9,0,3,4,QB,GarrDa00
228,Eli Manning,4021,27,14,12.7,251.3,93.1,1,16,2009,28,NYG,16,16,317,509,192,62.3,4021,27,14,0,5.3,2.8,93.1,30,216,5.57,7.9,7.72,6.89,12.7,251.3,46.4,8,8,0,1,2,QB,MannEl00
229,Peyton Manning,4500,33,16,11.5,281.3,99.9,7,16,2009,33,IND,16,16,393,571,178,68.8,4500,33,16,0,5.8,2.8,99.9,10,74,1.72,7.9,7.78,7.51,11.5,281.3,54.6,14,2,0,7,7,QB,MannPe00
230,Carson Palmer,3094,21,13,11,193.4,83.6,3,16,2009,30,CIN,16,16,282,466,184,60.5,3094,21,13,2,4.5,2.8,83.6,26,213,5.28,6.6,6.29,5.52,11,193.4,46.3,10,6,0,3,5,QB,PalmCa00
231,Philip Rivers,4254,28,9,13.4,265.9,104.4,2,16,2009,28,SDG,16,16,317,486,169,65.2,4254,28,9,0,5.8,1.9,104.4,25,167,4.89,8.8,9.07,8.3,13.4,265.9,50.7,13,3,0,2,4,QB,RivePh00
232,Aaron Rodgers,4434,30,7,12.7,277.1,103.2,2,16,2009,26,GNB,16,16,350,541,191,64.7,4434,30,7,1,5.5,1.3,103.2,50,306,8.46,8.2,8.72,7.47,12.7,277.1,47.4,11,5,0,2,2,QB,RodgAa00
233,Tony Romo,4483,26,9,12.9,280.2,97.6,3,16,2009,29,DAL,16,16,347,550,203,63.1,4483,26,9,1,4.7,1.6,97.6,34,196,5.82,8.2,8.36,7.54,12.9,280.2,48.3,11,5,0,3,3,QB,RomoTo00
234,Matt Schaub,4770,29,15,12,298.1,98.6,2,16,2009,28,HOU,16,16,396,583,187,67.9,4770,29,15,3,5,2.6,98.6,25,149,4.11,8.2,8.02,7.44,12,298.1,53.3,9,7,0,2,4,QB,SchaMa00
235,Drew Brees,5069,34,17,12.3,316.8,96.2,2,16,2008,29,NOR,16,16,413,635,222,65,5069,34,17,2,5.4,2.7,96.2,13,92,2.01,8,7.85,7.55,12.3,316.8,52,8,8,0,2,2,QB,BreeDr00
236,Jason Campbell,3245,13,6,10.3,202.8,84.3,1,16,2008,27,WAS,16,16,315,506,191,62.3,3245,13,6,0,2.6,1.2,84.3,38,266,6.99,6.4,6.39,5.46,10.3,202.8,44.5,8,8,0,1,3,QB,CampJa00
237,Jay Cutler,4526,25,18,11.8,282.9,86,3,16,2008,25,DEN,16,16,384,616,232,62.3,4526,25,18,2,4.1,2.9,86,11,69,1.75,7.3,6.84,6.61,11.8,282.9,51.7,8,8,0,3,4,QB,CutlJa00
238,Jake Delhomme,3288,15,12,13.4,205.5,84.7,4,16,2008,33,CAR,16,16,246,414,168,59.4,3288,15,12,0,3.6,2.9,84.7,20,130,4.61,7.9,7.36,6.72,13.4,205.5,45.9,12,4,0,4,5,QB,DelhJa00
239,Brett Favre,3472,22,22,10.1,217,81,1,16,2008,39,NYJ,16,16,343,522,179,65.7,3472,22,22,4,4.2,4.2,81,30,213,5.43,6.7,5.6,4.91,10.1,217,49.3,9,7,0,1,2,QB,FavrBr00
240,Joe Flacco,2971,14,12,11.6,185.7,80.3,1,16,2008,23,BAL,16,16,257,428,171,60,2971,14,12,1,3.3,2.8,80.3,32,276,6.96,6.9,6.33,5.29,11.6,185.7,40.4,11,5,0,1,1,QB,FlacJo00
241,David Garrard,3620,15,13,10.8,226.3,81.7,3,16,2008,30,JAX,16,16,335,535,200,62.6,3620,15,13,1,2.8,2.4,81.7,42,288,7.28,6.8,6.23,5.28,10.8,226.3,47.8,5,11,0,3,3,QB,GarrDa00
242,Eli Manning,3238,21,10,11.2,202.4,86.4,3,16,2008,27,NYG,16,16,289,479,190,60.3,3238,21,10,2,4.4,2.1,86.4,27,174,5.34,6.8,6.7,6,11.2,202.4,48,12,4,0,3,3,QB,MannEl00
243,Peyton Manning,4002,27,12,10.8,250.1,95,4,16,2008,32,IND,16,16,371,555,184,66.8,4002,27,12,3,4.9,2.2,95,14,86,2.46,7.2,7.21,6.88,10.8,250.1,52.4,12,4,0,4,6,QB,MannPe00
244,Donovan McNabb,3916,23,11,11.4,244.8,86.4,2,16,2008,32,PHI,16,16,345,571,226,60.4,3916,23,11,0,4,1.9,86.4,23,149,3.87,6.9,6.8,6.28,11.4,244.8,46.8,9,6,1,2,1,QB,McNaDo00
245,Chad Pennington,3653,19,7,11.4,228.3,97.4,1,16,2008,32,MIA,16,16,321,476,155,67.4,3653,19,7,2,4,1.5,97.4,24,121,4.8,7.7,7.81,7.19,11.4,228.3,50.8,11,5,0,1,2,QB,PennCh01
246,Philip Rivers,4009,34,11,12.8,250.6,105.5,3,16,2008,27,SDG,16,16,312,478,166,65.3,4009,34,11,1,7.1,2.3,105.5,25,151,4.97,8.4,8.77,8.04,12.8,250.6,51.7,8,8,0,3,4,QB,RivePh00
247,Aaron Rodgers,4038,28,13,11.8,252.4,93.8,1,16,2008,25,GNB,16,16,341,536,195,63.6,4038,28,13,0,5.2,2.4,93.8,34,231,5.96,7.5,7.49,6.64,11.8,252.4,45.8,6,10,0,1,2,QB,RodgAa00
248,Ben Roethlisberger,3301,17,15,11.7,206.3,80.1,4,16,2008,26,PIT,16,16,281,469,188,59.9,3301,17,15,2,3.6,3.2,80.1,46,284,8.93,7,6.32,5.21,11.7,206.3,44.3,12,4,0,4,4,QB,RoetBe00
249,Matt Ryan,3440,16,11,13,215,87.7,2,16,2008,23,ATL,16,16,265,434,169,61.1,3440,16,11,0,3.7,2.5,87.7,17,104,3.77,7.9,7.52,7.01,13,215,45.5,11,5,0,2,4,QB,RyanMa00
250,Kurt Warner,4583,30,14,11.4,286.4,96.9,1,16,2008,37,ARI,16,16,401,598,197,67.1,4583,30,14,1,5,2.3,96.9,26,182,4.17,7.7,7.61,7,11.4,286.4,51.4,9,7,0,1,1,QB,WarnKu00
251,Tom Brady,4806,50,8,12.1,300.4,117.2,4,16,2007,30,NWE,16,16,398,578,180,68.9,4806,50,8,0,8.7,1.4,117.2,21,128,3.51,8.3,9.42,8.88,12.1,300.4,57.8,16,0,0,4,4,QB,BradTo00
252,Drew Brees,4423,28,18,10.1,276.4,89.4,1,16,2007,28,NOR,16,16,440,652,212,67.5,4423,28,18,2,4.3,2.8,89.4,16,109,2.4,6.8,6.4,6.08,10.1,276.4,53,7,9,0,1,1,QB,BreeDr00
253,Jay Cutler,3497,20,14,11.8,218.6,88.1,2,16,2007,24,DEN,16,16,297,467,170,63.6,3497,20,14,1,4.3,3,88.1,27,153,5.47,7.5,7,6.3,11.8,218.6,47.2,7,9,0,2,3,QB,CutlJa00
254,Brett Favre,4155,28,15,11.7,259.7,95.7,2,16,2007,38,GNB,16,16,356,535,179,66.5,4155,28,15,1,5.2,2.8,95.7,15,93,2.73,7.8,7.55,7.18,11.7,259.7,50.9,13,3,0,2,4,QB,FavrBr00
255,Matt Hasselbeck,3966,28,12,11.3,247.9,91.4,2,16,2007,32,SEA,16,16,352,562,210,62.6,3966,28,12,0,5,2.1,91.4,33,204,5.55,7.1,7.09,6.36,11.3,247.9,49.2,10,6,0,2,2,QB,HassMa00
256,Jon Kitna,4068,18,20,11.5,254.3,80.9,2,16,2007,35,DET,16,16,355,561,206,63.3,4068,18,20,2,3.2,3.6,80.9,51,320,8.33,7.3,6.29,5.24,11.5,254.3,47.4,7,9,0,2,3,QB,KitnJo00
257,Eli Manning,3336,23,20,11.2,208.5,73.9,3,16,2007,26,NYG,16,16,297,529,232,56.1,3336,23,20,3,4.3,3.8,73.9,27,217,4.86,6.3,5.47,4.82,11.2,208.5,42.8,10,6,0,3,3,QB,MannEl00
258,Peyton Manning,4040,31,14,12,252.5,98,1,16,2007,31,IND,16,16,337,515,178,65.4,4040,31,14,0,6,2.7,98,21,124,3.92,7.8,7.83,7.29,12,252.5,53.9,13,3,0,1,2,QB,MannPe00
259,Carson Palmer,4131,26,20,11.1,258.2,86.7,2,16,2007,28,CIN,16,16,373,575,202,64.9,4131,26,20,3,4.5,3.5,86.7,17,119,2.87,7.2,6.52,6.14,11.1,258.2,51,7,9,0,2,2,QB,PalmCa00
260,Philip Rivers,3152,21,15,11.4,197,82.4,1,16,2007,26,SDG,16,16,277,460,183,60.2,3152,21,15,2,4.6,3.3,82.4,22,163,4.56,6.9,6.3,5.67,11.4,197,44.2,11,5,0,1,1,QB,RivePh00
261,Tony Romo,4211,36,19,12.6,263.2,97.4,2,16,2007,27,DAL,16,16,335,520,185,64.4,4211,36,19,2,6.9,3.7,97.4,24,176,4.41,8.1,7.84,7.17,12.6,263.2,52.2,13,3,0,2,2,QB,RomoTo00
262,Tom Brady,3529,24,12,11.1,220.6,87.9,2,16,2006,29,NWE,16,16,319,516,197,61.8,3529,24,12,0,4.7,2.3,87.9,26,175,4.8,6.8,6.72,6.08,11.1,220.6,47.4,12,4,0,2,2,QB,BradTo00
263,Drew Brees,4418,26,11,12.4,276.1,96.2,1,16,2006,27,NOR,16,16,356,554,198,64.3,4418,26,11,3,4.7,2,96.2,18,105,3.15,8,8.02,7.58,12.4,276.1,50,10,6,0,1,2,QB,BreeDr00
264,Marc Bulger,4301,24,8,11.6,268.8,92.9,2,16,2006,29,STL,16,16,370,588,218,62.9,4301,24,8,0,4.1,1.4,92.9,49,366,7.69,7.3,7.52,6.37,11.6,268.8,46.2,8,8,0,2,3,QB,BulgMa00
265,David Carr,2767,11,12,9.2,172.9,82.1,1,16,2006,27,HOU,16,16,302,442,140,68.3,2767,11,12,0,2.5,2.7,82.1,41,240,8.49,6.3,5.54,4.57,9.2,172.9,44.3,6,10,0,1,3,QB,CarrDa00
266,Brett Favre,3885,18,18,11.3,242.8,72.7,1,16,2006,37,GNB,16,16,343,613,270,56,3885,18,18,2,2.9,2.9,72.7,21,134,3.31,6.3,5.6,5.21,11.3,242.8,42.3,8,8,0,1,1,QB,FavrBr00
267,Rex Grossman,3193,23,20,12.2,199.6,73.9,1,16,2006,26,CHI,16,16,262,480,218,54.6,3193,23,20,4,4.8,4.2,73.9,21,142,4.19,6.7,5.74,5.21,12.2,199.6,40.3,13,3,0,1,2,QB,GrosRe00
268,Jon Kitna,4208,21,22,11.3,263,79.9,1,16,2006,34,DET,16,16,372,596,224,62.4,4208,21,22,2,3.5,3.7,79.9,63,388,9.56,7.1,6.1,4.93,11.3,263,46,3,13,0,1,1,QB,KitnJo00
269,J.P. Losman,3051,19,14,11.4,190.7,84.9,1,16,2006,25,BUF,16,16,268,429,161,62.5,3051,19,14,2,4.4,3.3,84.9,47,332,9.87,7.1,6.53,5.19,11.4,190.7,42.9,7,9,0,1,3,QB,LosmJ.00
270,Eli Manning,3244,24,18,10.8,202.8,77,2,16,2006,25,NYG,16,16,301,522,221,57.7,3244,24,18,1,4.6,3.4,77,25,186,4.57,6.2,5.58,4.99,10.8,202.8,44.4,8,8,0,2,2,QB,MannEl00
271,Peyton Manning,4397,31,9,12.1,274.8,101,3,16,2006,30,IND,16,16,362,557,195,65,4397,31,9,1,5.6,1.6,101,14,86,2.45,7.9,8.28,7.93,12.1,274.8,56.6,12,4,0,3,3,QB,MannPe00
272,Steve McNair,3050,16,12,10.3,190.6,82.5,3,16,2006,33,BAL,16,16,295,468,173,63,3050,16,12,0,3.4,2.6,82.5,14,84,2.9,6.5,6.05,5.7,10.3,190.6,45.2,13,3,0,3,3,QB,McNaSt00
273,Carson Palmer,4035,28,13,12.5,252.2,93.9,2,16,2006,27,CIN,16,16,324,520,196,62.3,4035,28,13,1,5.4,2.5,93.9,36,233,6.47,7.8,7.71,6.79,12.5,252.2,48.2,8,8,0,2,3,QB,PalmCa00
274,Chad Pennington,3352,17,16,10.7,209.5,82.6,1,16,2006,30,NYJ,16,16,313,485,172,64.5,3352,17,16,1,3.5,3.3,82.6,30,172,5.83,6.9,6.13,5.44,10.7,209.5,47.4,10,6,0,1,2,QB,PennCh01
275,Philip Rivers,3388,22,9,11.9,211.8,92,4,16,2006,25,SDG,16,16,284,460,176,61.7,3388,22,9,1,4.8,2,92,27,144,5.54,7.4,7.44,6.73,11.9,211.8,46.8,14,2,0,4,4,QB,RivePh00
276,Alex Smith,2890,16,16,11.2,180.6,74.8,1,16,2006,22,SFO,16,16,257,442,185,58.1,2890,16,16,1,3.6,3.6,74.8,35,202,7.34,6.5,5.63,4.8,11.2,180.6,39.4,7,9,0,1,2,QB,SmitAl03
277,Michael Vick,2474,20,13,12.1,154.6,75.7,0,16,2006,26,ATL,16,16,204,388,184,52.6,2474,20,13,2,5.2,3.4,75.7,45,303,10.39,6.4,5.9,4.59,12.1,154.6,37.9,7,9,0,0,1,QB,VickMi00
278,Drew Bledsoe,3639,23,17,12.1,227.4,83.7,4,16,2005,33,DAL,16,16,300,499,199,60.1,3639,23,17,2,4.6,3.4,83.7,49,295,8.94,7.3,6.68,5.55,12.1,227.4,43.4,9,7,0,4,5,QB,BledDr00
279,Tom Brady,4110,26,14,12.3,256.9,92.3,3,16,2005,28,NWE,16,16,334,530,196,63,4110,26,14,1,4.9,2.6,92.3,26,188,4.68,7.8,7.55,6.86,12.3,256.9,49.6,10,6,0,3,4,QB,BradTo00
280,Drew Brees,3576,24,15,11.1,223.5,89.2,2,16,2005,26,SDG,16,16,323,500,177,64.6,3576,24,15,1,4.8,3,89.2,27,223,5.12,7.2,6.76,5.99,11.1,223.5,48.2,9,7,0,2,2,QB,BreeDr00
281,David Carr,2488,14,11,9.7,155.5,77.2,0,16,2005,26,HOU,16,16,256,423,167,60.5,2488,14,11,2,3.3,2.6,77.2,68,424,13.85,5.9,5.37,3.77,9.7,155.5,41.1,2,14,0,0,1,QB,CarrDa00
282,Jake Delhomme,3421,24,16,13.1,213.8,88.1,3,16,2005,30,CAR,16,16,262,435,173,60.2,3421,24,16,3,5.5,3.7,88.1,28,214,6.05,7.9,7.31,6.41,13.1,213.8,44.3,11,5,0,3,3,QB,DelhJa00
283,Brett Favre,3881,20,29,10.4,242.6,70.9,1,16,2005,36,GNB,16,16,372,607,235,61.3,3881,20,29,3,3.3,4.8,70.9,24,170,3.8,6.4,4.9,4.45,10.4,242.6,46.4,4,12,0,1,1,QB,FavrBr00
284,Trent Green,4014,17,10,12.7,250.9,90.1,2,16,2005,35,KAN,16,16,317,507,190,62.5,4014,17,10,1,3.4,2,90.1,32,204,5.94,7.9,7.7,6.86,12.7,250.9,48.2,10,6,0,2,3,QB,GreeTr00
285,Matt Hasselbeck,3459,24,9,11.8,216.2,98.2,2,16,2005,30,SEA,16,16,294,449,155,65.5,3459,24,9,0,5.3,2,98.2,24,154,5.07,7.7,7.87,7.15,11.8,216.2,53.7,13,3,0,2,2,QB,HassMa00
286,Eli Manning,3762,24,17,12.8,235.1,75.9,1,16,2005,24,NYG,16,16,294,557,263,52.8,3762,24,17,2,4.3,3.1,75.9,28,184,4.79,6.8,6.24,5.63,12.8,235.1,42.4,11,5,0,1,2,QB,MannEl00
287,Peyton Manning,3747,28,10,12.3,234.2,104.1,1,16,2005,29,IND,16,16,305,453,148,67.3,3747,28,10,0,6.2,2.2,104.1,17,81,3.62,8.3,8.51,8.03,12.3,234.2,55.7,14,2,0,1,1,QB,MannPe00
288,Carson Palmer,3836,32,12,11.1,239.8,101.1,1,16,2005,26,CIN,16,16,345,509,164,67.8,3836,32,12,1,6.3,2.4,101.1,19,105,3.6,7.5,7.73,7.26,11.1,239.8,50.9,11,5,0,1,3,QB,PalmCa00
289,Jake Plummer,3366,18,7,12.2,210.4,90.2,1,16,2005,31,DEN,16,16,277,456,179,60.7,3366,18,7,0,3.9,1.5,90.2,22,135,4.6,7.4,7.48,6.85,12.2,210.4,47.5,13,3,0,1,2,QB,PlumJa00
290,Drew Bledsoe,2932,20,16,11.5,183.3,76.6,0,16,2004,32,BUF,16,16,256,450,194,56.9,2932,20,16,1,4.4,3.6,76.6,37,215,7.6,6.5,5.8,4.92,11.5,183.3,41.9,9,7,0,0,0,QB,BledDr00
291,Kyle Boller,2559,13,11,9.9,159.9,70.9,2,16,2004,23,BAL,16,16,258,464,206,55.6,2559,13,11,0,2.8,2.4,70.9,35,247,7.01,5.5,5.01,4.16,9.9,159.9,37.9,9,7,0,2,2,QB,BollKy00
292,Tom Brady,3692,28,14,12.8,230.8,92.6,0,16,2004,27,NWE,16,16,288,474,186,60.8,3692,28,14,1,5.9,3,92.6,26,162,5.2,7.8,7.64,6.92,12.8,230.8,48,14,2,0,0,1,QB,BradTo00
293,Aaron Brooks,3810,21,16,12.3,238.1,79.5,3,16,2004,28,NOR,16,16,309,542,233,57,3810,21,16,1,3.9,3,79.5,41,223,7.03,7,6.48,5.64,12.3,238.1,39.6,8,8,0,3,5,QB,BrooAa00
294,David Carr,3531,16,14,12.4,220.7,83.5,1,16,2004,25,HOU,16,16,285,466,181,61.2,3531,16,14,1,3.4,3,83.5,49,301,9.51,7.6,6.91,5.67,12.4,220.7,45.6,7,9,0,1,1,QB,CarrDa00
295,Daunte Culpepper,4717,39,11,12.4,294.8,110.9,1,16,2004,27,MIN,16,16,379,548,169,69.2,4717,39,11,0,7.1,2,110.9,46,238,7.74,8.6,9.13,8.02,12.4,294.8,53.5,8,8,0,1,3,QB,CulpDa00
296,Jake Delhomme,3886,29,15,12.5,242.9,87.3,2,16,2004,29,CAR,16,16,310,533,223,58.2,3886,29,15,3,5.4,2.8,87.3,33,246,5.83,7.3,7.11,6.26,12.5,242.9,45.4,7,9,0,2,3,QB,DelhJa00
297,Brett Favre,4088,30,17,11.8,255.5,92.4,3,16,2004,35,GNB,16,16,346,540,194,64.1,4088,30,17,1,5.6,3.1,92.4,12,93,2.17,7.6,7.26,6.94,11.8,255.5,50.2,10,6,0,3,4,QB,FavrBr00
298,Trent Green,4591,27,17,12.4,286.9,95.2,3,16,2004,34,KAN,16,16,369,556,187,66.4,4591,27,17,1,4.9,3.1,95.2,32,227,5.44,8.3,7.85,7.04,12.4,286.9,50.7,7,9,0,3,3,QB,GreeTr00
299,Joey Harrington,3047,19,12,11.1,190.4,77.5,1,16,2004,26,DET,16,16,274,489,215,56,3047,19,12,2,3.9,2.5,77.5,36,196,6.86,6.2,5.9,5.13,11.1,190.4,39.6,6,10,0,1,1,QB,HarrJo00
300,Peyton Manning,4557,49,10,13.6,284.8,121.1,2,16,2004,28,IND,16,16,336,497,161,67.6,4557,49,10,0,9.9,2,121.1,13,101,2.55,9.2,10.24,9.78,13.6,284.8,57.1,12,4,0,2,4,QB,MannPe00
301,Jake Plummer,4089,27,20,13.5,255.6,84.5,1,16,2004,30,DEN,16,16,303,521,218,58.2,4089,27,20,1,5.2,3.8,84.5,15,90,2.8,7.8,7.16,6.79,13.5,255.6,47.6,10,6,0,1,4,QB,PlumJa00
302,Drew Bledsoe,2860,11,12,10.4,178.8,73,1,16,2003,31,BUF,16,16,274,471,197,58.2,2860,11,12,1,2.3,2.5,73,49,371,9.42,6.1,5.39,4.17,10.4,178.8,40,6,10,0,1,1,QB,BledDr00
303,Tom Brady,3620,23,12,11.4,226.3,85.9,3,16,2003,26,NWE,16,16,317,527,210,60.2,3620,23,12,1,4.4,2.3,85.9,32,219,5.72,6.9,6.72,5.94,11.4,226.3,43.1,14,2,0,3,5,QB,BradTo00
304,Aaron Brooks,3546,24,8,11.6,221.6,88.8,2,16,2003,27,NOR,16,16,306,518,212,59.1,3546,24,8,1,4.6,1.5,88.8,34,195,6.16,6.8,7.08,6.29,11.6,221.6,44,8,8,0,2,3,QB,BrooAa00
305,Quincy Carter,3302,17,21,11.3,206.4,71.4,2,16,2003,26,DAL,16,16,292,505,213,57.8,3302,17,21,1,3.4,4.2,71.4,37,185,6.83,6.5,5.34,4.63,11.3,206.4,39.1,10,6,0,2,2,QB,CartQu00
306,Brett Favre,3361,32,21,10.9,210.1,90.4,1,16,2003,34,GNB,16,16,308,471,163,65.4,3361,32,21,2,6.8,4.5,90.4,19,137,3.88,7.1,6.49,5.96,10.9,210.1,49,10,6,0,1,3,QB,FavrBr00
307,Trent Green,4039,24,12,12.2,252.4,92.6,1,16,2003,33,KAN,16,16,330,523,193,63.1,4039,24,12,1,4.6,2.3,92.6,20,130,3.68,7.7,7.61,7.09,12.2,252.4,47.3,13,3,0,1,2,QB,GreeTr00
308,Joey Harrington,2880,17,22,9.3,180,63.9,2,16,2003,25,DET,16,16,309,554,245,55.8,2880,17,22,4,3.1,4,63.9,9,55,1.6,5.2,4.03,3.86,9.3,180,38.4,5,11,0,2,2,QB,HarrJo00
309,Matt Hasselbeck,3841,26,15,12.3,240.1,88.8,2,16,2003,28,SEA,16,16,313,513,200,61,3841,26,15,1,5.1,2.9,88.8,42,246,7.57,7.5,7.19,6.2,12.3,240.1,48.3,10,6,0,2,3,QB,HassMa00
310,Brad Johnson,3811,26,21,10.8,238.2,81.5,0,16,2003,35,TAM,16,16,354,570,216,62.1,3811,26,21,4,4.6,3.7,81.5,20,111,3.39,6.7,5.94,5.55,10.8,238.2,45.8,7,9,0,0,0,QB,JohnBr00
311,Jon Kitna,3591,26,15,11.1,224.4,87.4,3,16,2003,31,CIN,16,16,324,520,196,62.3,3591,26,15,2,5,2.9,87.4,37,249,6.64,6.9,6.61,5.72,11.1,224.4,46.7,8,8,0,3,3,QB,KitnJo00
312,Tommy Maddox,3414,18,17,11.5,213.4,75.3,0,16,2003,32,PIT,16,16,298,519,221,57.4,3414,18,17,3,3.5,3.3,75.3,41,242,7.32,6.6,5.8,4.94,11.5,213.4,42.7,6,10,0,0,0,QB,MaddTo00
313,Peyton Manning,4267,29,10,11.3,266.7,99,3,16,2003,27,IND,16,16,379,566,187,67,4267,29,10,1,5.1,1.8,99,18,107,3.08,7.5,7.77,7.35,11.3,266.7,51,12,4,0,3,4,QB,MannPe00
314,Donovan McNabb,3216,16,11,11.7,201,79.6,2,16,2003,27,PHI,16,16,275,478,203,57.5,3216,16,11,1,3.3,2.3,79.6,43,253,8.25,6.7,6.36,5.35,11.7,201,40.7,12,4,0,2,4,QB,McNaDo00
315,Drew Bledsoe,4359,24,15,11.6,272.4,86,2,16,2002,30,BUF,16,16,375,610,235,61.5,4359,24,15,1,3.9,2.5,86,54,369,8.13,7.1,6.83,5.72,11.6,272.4,47.3,8,8,0,2,4,QB,BledDr00
316,Tom Brady,3764,28,14,10.1,235.3,85.7,2,16,2002,25,NWE,16,16,373,601,228,62.1,3764,28,14,1,4.7,2.3,85.7,31,190,4.91,6.3,6.15,5.54,10.1,235.3,46,9,7,0,2,3,QB,BradTo00
317,Drew Brees,3284,17,16,10.3,205.3,76.9,2,16,2002,23,SDG,16,16,320,526,206,60.8,3284,17,16,1,3.2,3,76.9,24,180,4.36,6.2,5.52,4.95,10.3,205.3,42.7,8,8,0,2,4,QB,BreeDr00
318,Aaron Brooks,3572,27,15,12.6,223.3,80.1,3,16,2002,26,NOR,16,16,283,528,245,53.6,3572,27,15,1,5.1,2.8,80.1,36,236,6.38,6.8,6.51,5.68,12.6,223.3,39.9,9,7,0,3,3,QB,BrooAa00
319,David Carr,2592,9,15,11.1,162,62.8,2,16,2002,23,HOU,16,16,233,444,211,52.5,2592,9,15,1,2,3.4,62.8,76,411,14.62,5.8,4.72,3.24,11.1,162,34.2,4,12,0,2,3,QB,CarrDa00
320,Kerry Collins,4073,19,14,12.2,254.6,85.4,5,16,2002,30,NYG,16,16,335,545,210,61.5,4073,19,14,1,3.5,2.6,85.4,24,152,4.22,7.5,7.01,6.45,12.2,254.6,47.6,10,6,0,5,5,QB,CollKe00
321,Daunte Culpepper,3853,18,23,11.6,240.8,75.3,3,16,2002,25,MIN,16,16,333,549,216,60.7,3853,18,23,2,3.3,4.2,75.3,47,244,7.89,7,5.79,4.92,11.6,240.8,46.5,6,10,0,3,4,QB,CulpDa00
322,Brett Favre,3658,27,16,10.7,228.6,85.6,3,16,2002,33,GNB,16,16,341,551,210,61.9,3658,27,16,0,4.9,2.9,85.6,26,188,4.51,6.6,6.31,5.7,10.7,228.6,48,12,4,0,3,3,QB,FavrBr00
323,Rich Gannon,4689,26,10,11.2,293.1,97.3,1,16,2002,37,OAK,16,16,418,618,200,67.6,4689,26,10,1,4.2,1.6,97.3,36,214,5.5,7.6,7.7,6.95,11.2,293.1,54.1,11,5,0,1,1,QB,GannRi00
324,Jeff Garcia,3344,21,10,10.2,209,85.6,2,16,2002,32,SFO,16,16,328,528,200,62.1,3344,21,10,0,4,1.9,85.6,17,93,3.12,6.3,6.28,5.91,10.2,209,45.7,10,6,0,2,4,QB,GarcJe00
325,Trent Green,3690,26,13,12.9,230.6,92.6,4,16,2002,32,KAN,16,16,287,470,183,61.1,3690,26,13,0,5.5,2.8,92.6,26,141,5.24,7.9,7.71,7.02,12.9,230.6,47.6,8,8,0,4,4,QB,GreeTr00
326,Peyton Manning,4200,27,19,10.7,262.5,88.8,4,16,2002,26,IND,16,16,392,591,199,66.3,4200,27,19,0,4.6,3.2,88.8,23,145,3.75,7.1,6.57,6.09,10.7,262.5,47.6,10,6,0,4,5,QB,MannPe00
327,Steve McNair,3387,22,15,11.3,211.7,84,3,16,2002,29,TEN,16,16,301,492,191,61.2,3387,22,15,2,4.5,3,84,21,121,4.09,6.9,6.41,5.91,11.3,211.7,47,11,5,0,3,3,QB,McNaSt00
328,Jake Plummer,2972,18,20,10.5,185.8,65.7,2,16,2002,28,ARI,16,16,284,530,246,53.6,2972,18,20,1,3.4,3.8,65.7,36,248,6.36,5.6,4.59,3.86,10.5,185.8,40.1,5,11,0,2,4,QB,PlumJa00
329,Aaron Brooks,3832,26,22,12.3,239.5,76.4,2,16,2001,25,NOR,16,16,312,558,246,55.9,3832,26,22,1,4.7,3.9,76.4,50,330,8.22,6.9,6.03,4.99,12.3,239.5,40.3,7,9,0,2,3,QB,BrooAa00
330,Kerry Collins,3764,19,16,11.5,235.3,77.1,3,16,2001,29,NYG,16,16,327,568,241,57.6,3764,19,16,2,3.3,2.8,77.1,36,206,5.96,6.6,6.03,5.33,11.5,235.3,43.5,7,9,0,3,4,QB,CollKe00
331,Tim Couch,3040,17,21,11.2,190,73.1,3,16,2001,24,CLE,16,16,272,454,182,59.9,3040,17,21,3,3.7,4.6,73.1,51,353,10.1,6.7,5.36,4.12,11.2,190,38.4,7,9,0,3,3,QB,CoucTi00
332,Brett Favre,3921,32,15,12.5,245.1,94.1,1,16,2001,32,GNB,16,16,314,510,196,61.6,3921,32,15,2,6.3,2.9,94.1,22,151,4.14,7.7,7.62,7.02,12.5,245.1,47,12,4,0,1,2,QB,FavrBr00
333,Jay Fiedler,3290,20,19,12.1,205.6,80.3,4,16,2001,30,MIA,16,16,273,450,177,60.7,3290,20,19,3,4.4,4.2,80.3,27,178,5.66,7.3,6.3,5.57,12.1,205.6,46.1,11,5,0,4,4,QB,FiedJa00
334,Doug Flutie,3464,15,18,11.8,216.5,72,1,16,2001,39,SDG,16,16,294,521,227,56.4,3464,15,18,0,2.9,3.5,72,25,168,4.58,6.6,5.67,5.1,11.8,216.5,42.9,5,11,0,1,1,QB,FlutDo00
335,Rich Gannon,3828,27,9,10.6,239.3,95.5,1,16,2001,36,OAK,16,16,361,549,188,65.8,3828,27,9,1,4.9,1.6,95.5,27,155,4.69,7,7.22,6.61,10.6,239.3,49.8,10,6,0,1,2,QB,GannRi00
336,Jeff Garcia,3538,32,12,11.2,221.1,94.8,4,16,2001,31,SFO,16,16,316,504,188,62.7,3538,32,12,3,6.3,2.4,94.8,26,114,4.91,7,7.22,6.65,11.2,221.1,48.5,12,4,0,4,4,QB,GarcJe00
337,Trent Green,3783,17,24,12.8,236.4,71.1,2,16,2001,31,KAN,16,16,296,523,227,56.6,3783,17,24,1,3.3,4.6,71.1,39,198,6.94,7.2,5.82,5.06,12.8,236.4,42.2,6,10,0,2,3,QB,GreeTr00
338,Brad Johnson,3406,13,11,10,212.9,77.7,3,16,2001,33,TAM,16,16,340,559,219,60.8,3406,13,11,0,2.3,2,77.7,44,269,7.3,6.1,5.67,4.81,10,212.9,42.5,9,7,0,3,5,QB,JohnBr00
339,Peyton Manning,4131,26,23,12,258.2,84.1,0,16,2001,25,IND,16,16,343,547,204,62.7,4131,26,23,6,4.8,4.2,84.1,29,232,5.03,7.6,6.61,5.88,12,258.2,46.4,6,10,0,0,0,QB,MannPe00
340,Donovan McNabb,3233,25,12,11.3,202.1,84.3,2,16,2001,25,PHI,16,16,285,493,208,57.8,3233,25,12,0,5.1,2.4,84.3,39,273,7.33,6.6,6.48,5.49,11.3,202.1,40,11,5,0,2,2,QB,McNaDo00
341,Jake Plummer,3653,18,14,12,228.3,79.6,3,16,2001,27,ARI,16,16,304,525,221,57.9,3653,18,14,1,3.4,2.7,79.6,29,204,5.23,7,6.44,5.74,12,228.3,39.9,7,9,0,3,4,QB,PlumJa00
342,Kordell Stewart,3109,14,11,11.7,194.3,81.7,1,16,2001,29,PIT,16,16,266,442,176,60.2,3109,14,11,0,3.2,2.5,81.7,29,175,6.16,7,6.55,5.77,11.7,194.3,43.5,13,3,0,1,1,QB,StewKo00
343,Vinny Testaverde,2752,15,14,10.6,172,75.3,5,16,2001,38,NYJ,16,16,260,441,181,59,2752,15,14,1,3.4,3.2,75.3,18,122,3.92,6.2,5.49,5.01,10.6,172,42,10,6,0,5,5,QB,TestVi00
344,Kurt Warner,4830,36,22,12.9,301.9,101.4,1,16,2001,30,STL,16,16,375,546,171,68.7,4830,36,22,1,6.6,4,101.4,38,233,6.51,8.8,8.35,7.41,12.9,301.9,53.8,14,2,0,1,2,QB,WarnKu00
345,Steve Beuerlein,3730,19,18,11.5,233.1,79.7,2,16,2000,35,CAR,16,16,324,533,209,60.8,3730,19,18,1,3.6,3.4,79.7,62,331,10.42,7,6.19,4.99,11.5,233.1,46.6,7,9,0,2,2,QB,BeueSt00
346,Drew Bledsoe,3291,17,13,10.5,205.7,77.3,2,16,2000,28,NWE,16,16,312,531,219,58.8,3291,17,13,2,3.2,2.4,77.3,45,264,7.81,6.2,5.74,4.83,10.5,205.7,43.4,5,11,0,2,3,QB,BledDr00
347,Mark Brunell,3640,20,14,11.7,227.5,84,0,16,2000,30,JAX,16,16,311,512,201,60.7,3640,20,14,0,3.9,2.7,84,54,289,9.54,7.1,6.66,5.51,11.7,227.5,46.1,7,9,0,0,2,QB,BrunMa00
348,Kerry Collins,3610,22,13,11.6,225.6,83.1,3,16,2000,28,NYG,16,16,311,529,218,58.8,3610,22,13,0,4.2,2.5,83.1,28,243,5.03,6.8,6.55,5.78,11.6,225.6,44.5,12,4,0,3,3,QB,CollKe00
349,Daunte Culpepper,3937,33,16,13.3,246.1,98,3,16,2000,23,MIN,16,16,297,474,177,62.7,3937,33,16,1,7,3.4,98,34,181,6.69,8.3,8.18,7.28,13.3,246.1,48.2,11,5,0,3,4,QB,CulpDa00
350,Brett Favre,3812,20,16,11.3,238.3,78,0,16,2000,31,GNB,16,16,338,580,242,58.3,3812,20,16,1,3.4,2.8,78,33,236,5.38,6.6,6.02,5.31,11.3,238.3,44.4,9,7,0,0,4,QB,FavrBr00
351,Rich Gannon,3430,28,11,12.1,214.4,92.4,3,16,2000,35,OAK,16,16,284,473,189,60,3430,28,11,0,5.9,2.3,92.4,28,124,5.59,7.3,7.39,6.73,12.1,214.4,46.5,12,4,0,3,4,QB,GannRi00
352,Jeff Garcia,4278,31,10,12.1,267.4,97.6,0,16,2000,30,SFO,16,16,355,561,206,63.3,4278,31,10,2,5.5,1.8,97.6,24,155,4.1,7.6,7.93,7.34,12.1,267.4,49.9,6,10,0,0,0,QB,GarcJe00
353,Shaun King,2769,18,13,11.9,173.1,75.8,3,16,2000,23,TAM,16,16,233,428,195,54.4,2769,18,13,1,4.2,3,75.8,37,240,7.96,6.5,5.94,4.95,11.9,173.1,40.6,10,6,0,3,3,QB,KingSh00
354,Peyton Manning,4413,33,15,12.4,275.8,94.7,2,16,2000,24,IND,16,16,357,571,214,62.5,4413,33,15,1,5.8,2.6,94.7,20,131,3.38,7.7,7.7,7.22,12.4,275.8,50.3,10,6,0,2,3,QB,MannPe00
355,Donovan McNabb,3365,21,13,10.2,210.3,77.8,2,16,2000,24,PHI,16,16,330,569,239,58,3365,21,13,0,3.7,2.3,77.8,45,262,7.33,5.9,5.62,4.79,10.2,210.3,42.8,11,5,0,2,3,QB,McNaDo00
356,Vinny Testaverde,3732,21,25,11.4,233.3,69,4,16,2000,37,NYJ,16,16,328,590,262,55.6,3732,21,25,4,3.6,4.2,69,13,71,2.16,6.3,5.13,4.9,11.4,233.3,43.6,9,7,0,4,4,QB,TestVi00
357,Steve Beuerlein,4436,36,15,12.9,277.3,94.6,1,16,1999,34,CAR,16,16,343,571,228,60.1,4436,36,15,3,6.3,2.6,94.6,50,280,8.05,7.8,7.85,6.76,12.9,277.3,45.6,8,8,0,1,1,QB,BeueSt00
358,Drew Bledsoe,3985,19,21,13.1,249.1,75.6,2,16,1999,27,NWE,16,16,305,539,234,56.6,3985,19,21,1,3.5,3.9,75.6,55,342,9.26,7.4,6.35,5.18,13.1,249.1,42.1,8,8,0,2,2,QB,BledDr00
359,Brett Favre,4091,22,23,12,255.7,74.7,3,16,1999,30,GNB,16,16,341,595,254,57.3,4091,22,23,2,3.7,3.9,74.7,35,223,5.56,6.9,5.88,5.2,12,255.7,41.9,8,8,0,3,3,QB,FavrBr00
360,Rich Gannon,3840,24,14,12.6,240,86.5,3,16,1999,34,OAK,16,16,304,515,211,59,3840,24,14,2,4.7,2.7,86.5,49,241,8.69,7.5,7.17,6.12,12.6,240,44.7,8,8,0,3,3,QB,GannRi00
361,Elvis Grbac,3389,22,15,11.5,211.8,81.7,1,16,1999,29,KAN,16,16,294,499,205,58.9,3389,22,15,1,4.4,3,81.7,26,170,4.95,6.8,6.32,5.68,11.5,211.8,44,9,7,0,1,2,QB,GrbaEl00
362,Brad Johnson,4005,24,13,12.7,250.3,90,3,16,1999,31,WAS,16,16,316,519,203,60.9,4005,24,13,0,4.6,2.5,90,29,177,5.29,7.7,7.51,6.79,12.7,250.3,43.6,10,6,0,3,4,QB,JohnBr00
363,Peyton Manning,4135,26,15,12.5,258.4,90.7,6,16,1999,23,IND,16,16,331,533,202,62.1,4135,26,15,1,4.9,2.8,90.7,14,116,2.56,7.8,7.47,7.06,12.5,258.4,46.6,13,3,0,6,7,QB,MannPe00
364,Kurt Warner,4353,41,13,13.4,272.1,109.2,0,16,1999,28,STL,16,16,325,499,174,65.1,4353,41,13,0,8.2,2.6,109.2,29,201,5.49,8.7,9.19,8.31,13.4,272.1,50.8,13,3,0,0,0,QB,WarnKu00
365,Trent Dilfer,2729,21,15,12.1,170.6,74,3,16,1998,26,TAM,16,16,225,429,204,52.4,2729,21,15,2,4.9,3.5,74,27,172,5.92,6.4,5.77,5.05,12.1,170.6,40.4,8,8,0,3,3,QB,DilfTr00
366,Brett Favre,4212,31,23,12.1,263.3,87.8,1,16,1998,29,GNB,16,16,347,551,204,63,4212,31,23,3,5.6,4.2,87.8,38,223,6.45,7.6,6.89,6.07,12.1,263.3,48,11,5,0,1,2,QB,FavrBr00
367,Peyton Manning,3739,26,28,11.5,233.7,71.2,1,16,1998,22,IND,16,16,326,575,249,56.7,3739,26,28,2,4.5,4.9,71.2,22,109,3.69,6.5,5.22,4.84,11.5,233.7,42,3,13,0,1,1,QB,MannPe00
368,Dan Marino,3497,23,15,11.3,218.6,80,1,16,1998,37,MIA,16,16,310,537,227,57.7,3497,23,15,2,4.3,2.8,80,23,178,4.11,6.5,6.11,5.54,11.3,218.6,43,10,6,0,1,1,QB,MariDa00
369,Steve McNair,3228,15,10,11.2,201.8,80.1,1,16,1998,25,TEN,16,16,289,492,203,58.7,3228,15,10,1,3,2,80.1,33,176,6.29,6.6,6.26,5.53,11.2,201.8,43.6,8,8,0,1,2,QB,McNaSt00
370,Jake Plummer,3737,17,20,11.5,233.6,75,5,16,1998,24,ARI,16,16,324,547,223,59.2,3737,17,20,4,3.1,3.7,75,49,280,8.22,6.8,5.81,4.86,11.5,233.6,43.6,9,7,0,5,7,QB,PlumJa00
371,Kordell Stewart,2560,11,18,10.2,160,62.9,0,16,1998,26,PIT,16,16,252,458,206,55,2560,11,18,2,2.4,3.9,62.9,33,211,6.72,5.6,4.3,3.58,10.2,160,39.5,7,9,0,0,1,QB,StewKo00
372,Troy Aikman,3283,19,12,11.2,205.2,78,3,16,1997,31,DAL,16,16,292,518,226,56.4,3283,19,12,1,3.7,2.3,78,33,269,5.99,6.3,6.03,5.18,11.2,205.2,41.6,6,10,0,3,3,QB,AikmTr00
373,Tony Banks,3254,14,13,12.9,203.4,71.5,1,16,1997,24,STL,16,16,252,487,235,51.7,3254,14,13,0,2.9,2.7,71.5,43,317,8.11,6.7,6.06,4.97,12.9,203.4,37.5,5,11,0,1,2,QB,BankTo00
374,Drew Bledsoe,3706,28,15,11.8,231.6,87.7,0,16,1997,25,NWE,16,16,314,522,208,60.2,3706,28,15,2,5.4,2.9,87.7,30,258,5.43,7.1,6.88,6.04,11.8,231.6,43.8,10,6,0,0,1,QB,BledDr00
375,Trent Dilfer,2555,21,11,11.8,159.7,82.8,3,16,1997,25,TAM,16,16,217,386,169,56.2,2555,21,11,4,5.4,2.8,82.8,32,196,7.66,6.6,6.42,5.46,11.8,159.7,41.4,10,6,0,3,3,QB,DilfTr00
376,John Elway,3635,27,11,13,227.2,87.5,0,16,1997,37,DEN,16,16,280,502,222,55.8,3635,27,11,1,5.4,2.2,87.5,34,203,6.34,7.2,7.33,6.49,13,227.2,41.6,12,4,0,0,2,QB,ElwaJo00
377,Brett Favre,3867,35,16,12.7,241.7,92.6,0,16,1997,28,GNB,16,16,304,513,209,59.3,3867,35,16,3,6.8,3.1,92.6,25,176,4.65,7.5,7.5,6.82,12.7,241.7,47.6,13,3,0,0,0,QB,FavrBr00
378,Jeff George,3917,29,9,13.5,244.8,91.2,0,16,1997,30,OAK,16,16,290,521,231,55.7,3917,29,9,2,5.6,1.7,91.2,58,430,10.02,7.5,7.85,6.32,13.5,244.8,38.9,4,12,0,0,1,QB,GeorJe00
379,Dan Marino,3780,16,11,11.8,236.3,80.7,1,16,1997,36,MIA,16,16,319,548,229,58.2,3780,16,11,4,2.9,2,80.7,20,132,3.52,6.9,6.58,6.11,11.8,236.3,46.1,9,7,0,1,3,QB,MariDa00
380,Steve McNair,2665,14,13,12.3,166.6,70.4,1,16,1997,24,TEN,16,16,216,415,199,52,2665,14,13,0,3.4,3.1,70.4,31,190,6.95,6.4,5.69,4.87,12.3,166.6,39.7,8,8,0,1,1,QB,McNaSt00
381,Scott Mitchell,3484,19,14,11.9,217.8,79.6,3,16,1997,29,DET,16,16,293,509,216,57.6,3484,19,14,1,3.7,2.8,79.6,41,271,7.45,6.8,6.35,5.39,11.9,217.8,41.5,9,7,0,3,3,QB,MitcSc00
382,Kordell Stewart,3020,21,17,12.8,188.8,75.2,4,16,1997,25,PIT,16,16,236,440,204,53.6,3020,21,17,0,4.8,3.9,75.2,20,152,4.35,6.9,6.08,5.48,12.8,188.8,39.8,11,5,0,4,5,QB,StewKo00
383,Jeff Blake,3624,24,14,11.8,226.5,80.3,3,16,1996,26,CIN,16,16,308,549,241,56.1,3624,24,14,1,4.4,2.6,80.3,44,278,7.42,6.6,6.33,5.39,11.8,226.5,43.3,8,8,0,3,5,QB,BlakJe00
384,Drew Bledsoe,4086,27,15,11,255.4,83.7,3,16,1996,24,NWE,16,16,373,623,250,59.9,4086,27,15,1,4.3,2.4,83.7,30,190,4.59,6.6,6.34,5.76,11,255.4,44.1,11,5,0,3,4,QB,BledDr00
385,Dave Brown,2412,12,20,11.3,150.8,61.3,0,16,1996,26,NYG,16,16,214,398,184,53.8,2412,12,20,1,3,5,61.3,49,276,10.96,6.1,4.4,3.3,11.3,150.8,39.1,6,10,0,0,0,QB,BrowDa00
386,Mark Brunell,4367,19,20,12.4,272.9,84,3,16,1996,26,JAX,16,16,353,557,204,63.4,4367,19,20,3,3.4,3.6,84,50,257,8.24,7.8,6.91,5.91,12.4,272.9,47.9,9,7,0,3,3,QB,BrunMa00
387,Trent Dilfer,2859,12,19,10.7,178.7,64.8,3,16,1996,24,TAM,16,16,267,482,215,55.4,2859,12,19,3,2.5,3.9,64.8,28,207,5.49,5.9,4.66,3.99,10.7,178.7,42.9,6,10,0,3,3,QB,DilfTr00
388,Brett Favre,3899,39,13,12,243.7,95.8,1,16,1996,27,GNB,16,16,325,543,218,59.9,3899,39,13,0,7.2,2.4,95.8,40,241,6.86,7.2,7.54,6.61,12,243.7,45.1,13,3,0,1,1,QB,FavrBr00
389,Gus Frerotte,3453,12,11,12.8,215.8,79.3,0,16,1996,25,WAS,16,16,270,470,200,57.4,3453,12,11,0,2.6,2.3,79.3,22,134,4.47,7.3,6.8,6.23,12.8,215.8,42.1,9,7,0,0,0,QB,FrerGu00
390,Vinny Testaverde,4177,33,19,12.9,261.1,88.7,2,16,1996,33,BAL,16,16,325,549,224,59.2,4177,33,19,3,6,3.5,88.7,34,270,5.83,7.6,7.25,6.37,12.9,261.1,43.4,4,12,0,2,3,QB,TestVi00
391,Troy Aikman,3304,16,7,11.8,206.5,93.6,2,16,1995,29,DAL,16,16,280,432,152,64.8,3304,16,7,1,3.7,1.6,93.6,14,89,3.14,7.6,7.66,7.22,11.8,206.5,50.2,12,4,0,2,2,QB,AikmTr00
392,Jeff Blake,3822,28,17,11.7,238.9,82.1,2,16,1995,25,CIN,16,16,326,567,241,57.5,3822,28,17,2,4.9,3,82.1,24,152,4.06,6.7,6.38,5.86,11.7,238.9,44.8,7,9,0,2,3,QB,BlakJe00
393,Steve Bono,3121,21,10,10.7,195.1,79.5,3,16,1995,33,KAN,16,16,293,520,227,56.3,3121,21,10,3,4,1.9,79.5,21,158,3.88,6,5.94,5.42,10.7,195.1,41,13,3,0,3,1,QB,BonoSt00
394,Dave Brown,2814,11,10,11.1,175.9,73.1,1,16,1995,25,NYG,16,16,254,456,202,55.7,2814,11,10,1,2.4,2.2,73.1,44,206,8.8,6.2,5.67,4.76,11.1,175.9,40.2,5,11,0,1,1,QB,BrowDa00
395,Trent Dilfer,2774,4,18,12.4,173.4,60.1,1,16,1995,23,TAM,16,16,224,415,191,54,2774,4,18,0,1,4.3,60.1,47,331,10.17,6.7,4.93,3.71,12.4,173.4,39,7,9,0,1,3,QB,DilfTr00
396,John Elway,3970,26,14,12.6,248.1,86.4,1,16,1995,35,DEN,16,16,316,542,226,58.3,3970,26,14,0,4.8,2.6,86.4,22,180,3.9,7.3,7.12,6.52,12.6,248.1,45.7,8,8,0,1,3,QB,ElwaJo00
397,Jim Everett,3970,26,14,11.5,248.1,87,0,16,1995,32,NOR,16,16,345,567,222,60.8,3970,26,14,2,4.6,2.5,87,27,210,4.55,7,6.81,6.14,11.5,248.1,47.3,7,9,0,0,2,QB,EverJi00
398,Brett Favre,4413,38,13,12.3,275.8,99.5,0,16,1995,26,GNB,16,16,359,570,211,63,4413,38,13,0,6.7,2.3,99.5,33,217,5.47,7.7,8.05,7.25,12.3,275.8,49.8,11,5,0,0,1,QB,FavrBr00
399,Jeff George,4143,24,11,12.3,258.9,89.5,1,16,1995,28,ATL,16,16,336,557,221,60.3,4143,24,11,2,4.3,2,89.5,43,270,7.17,7.4,7.41,6.43,12.3,258.9,47.7,9,7,0,1,4,QB,GeorJe00
400,Erik Kramer,3838,29,10,12.2,239.9,93.5,1,16,1995,31,CHI,16,16,315,522,207,60.3,3838,29,10,1,5.6,1.9,93.5,15,95,2.79,7.4,7.6,7.21,12.2,239.9,49.5,9,7,0,1,2,QB,KramEr00
401,Dave Krieg,3554,16,21,11.7,222.1,72.6,3,16,1995,37,ARI,16,16,304,521,217,58.3,3554,16,21,4,3.1,4,72.6,53,380,9.23,6.8,5.62,4.44,11.7,222.1,39.2,4,12,0,3,2,QB,KrieDa00
402,Scott Mitchell,4338,32,12,12.5,271.1,92.3,1,16,1995,27,DET,16,16,346,583,237,59.3,4338,32,12,2,5.5,2.1,92.3,31,145,5.05,7.4,7.61,6.99,12.5,271.1,48.9,10,6,0,1,2,QB,MitcSc00
403,Warren Moon,4228,33,14,11.2,264.3,91.5,0,16,1995,39,MIN,16,16,377,606,229,62.2,4228,33,14,1,5.4,2.3,91.5,38,277,5.9,7,7.03,6.18,11.2,264.3,47.5,8,8,0,0,3,QB,MoonWa00
404,Drew Bledsoe,4555,25,27,11.4,284.7,73.6,3,16,1994,22,NWE,16,16,400,691,291,57.9,4555,25,27,2,3.6,3.9,73.6,22,139,3.09,6.6,5.56,5.19,11.4,284.7,48,10,6,0,3,3,QB,BledDr00
405,Jim Everett,3855,22,18,11.1,240.9,84.9,2,16,1994,31,NOR,16,16,346,540,194,64.1,3855,22,18,3,4.1,3.3,84.9,21,164,3.74,7.1,6.45,5.92,11.1,240.9,49.2,7,9,0,2,2,QB,EverJi00
406,Brett Favre,3882,33,14,10.7,242.6,90.7,1,16,1994,25,GNB,16,16,363,582,219,62.4,3882,33,14,0,5.7,2.4,90.7,31,188,5.06,6.7,6.72,6.08,10.7,242.6,45.8,9,7,0,1,2,QB,FavrBr00
407,Jeff George,3734,23,18,11.6,233.4,83.3,0,16,1994,27,ATL,16,16,322,524,202,61.5,3734,23,18,1,4.4,3.4,83.3,32,206,5.76,7.1,6.46,5.72,11.6,233.4,48.2,7,9,0,0,0,QB,GeorJe00
408,Jeff Hostetler,3334,20,16,12.7,208.4,80.8,2,16,1994,33,RAI,16,16,263,455,192,57.8,3334,20,16,1,4.4,3.5,80.8,41,232,8.27,7.3,6.62,5.61,12.7,208.4,41.7,9,7,0,2,3,QB,HostJe00
409,Dan Marino,4453,30,17,11.6,278.3,89.2,4,16,1994,33,MIA,16,16,385,615,230,62.6,4453,30,17,1,4.9,2.8,89.2,18,113,2.84,7.2,6.97,6.6,11.6,278.3,48.8,10,6,0,4,4,QB,MariDa00
410,Steve Young,3969,35,10,12.3,248.1,112.8,1,16,1994,33,SFO,16,16,324,461,137,70.3,3969,35,10,1,7.6,2.2,112.8,31,163,6.3,8.6,9.15,8.24,12.3,248.1,55.5,13,3,0,1,1,QB,YounSt00
411,John Elway,4030,25,10,11.6,251.9,92.8,1,16,1993,33,DEN,16,16,348,551,203,63.2,4030,25,10,0,4.5,1.8,92.8,39,293,6.61,7.3,7.4,6.42,11.6,251.9,,9,7,0,1,1,QB,ElwaJo00
412,Boomer Esiason,3421,16,11,11.9,213.8,84.5,0,16,1993,32,NYJ,16,16,288,473,185,60.9,3421,16,11,3,3.4,2.3,84.5,18,139,3.67,7.2,6.86,6.33,11.9,213.8,,8,8,0,0,0,QB,EsiaBo00
413,Brett Favre,3303,19,24,10.4,206.4,72.2,3,16,1993,24,GNB,16,16,318,522,204,60.9,3303,19,24,3,3.6,4.6,72.2,30,199,5.43,6.3,4.99,4.36,10.4,206.4,,9,7,0,3,3,QB,FavrBr00
414,Jim Kelly,3382,18,18,11.7,211.4,79.9,3,16,1993,33,BUF,16,16,288,470,182,61.3,3382,18,18,0,3.8,3.8,79.9,25,171,5.05,7.2,6.24,5.58,11.7,211.4,,12,4,0,3,4,QB,KellJi00
415,Rick Mirer,2833,12,17,10.3,177.1,67,1,16,1993,23,SEA,16,16,274,486,212,56.4,2833,12,17,0,2.5,3.5,67,47,235,8.82,5.8,4.75,3.89,10.3,177.1,,6,10,0,1,1,QB,MireRi00
416,Phil Simms,3038,15,9,12.3,189.9,88.3,3,16,1993,38,NYG,16,16,247,400,153,61.8,3038,15,9,1,3.8,2.3,88.3,37,217,8.47,7.6,7.33,6.22,12.3,189.9,,11,5,0,3,3,QB,SimmPh00
417,Steve Young,4023,29,16,12.8,251.4,101.5,0,16,1993,32,SFO,16,16,314,462,148,68,4023,29,16,0,6.3,3.5,101.5,31,160,6.29,8.7,8.4,7.55,12.8,251.4,,10,6,0,0,0,QB,YounSt00
418,Troy Aikman,3445,23,14,11.4,215.3,89.5,1,16,1992,26,DAL,16,16,302,473,171,63.8,3445,23,14,0,4.9,3,89.5,23,112,4.64,7.3,6.92,6.38,11.4,215.3,,13,3,0,1,1,QB,AikmTr00
419,Jim Everett,3323,22,18,11.8,207.7,80.2,3,16,1992,29,RAM,16,16,281,475,194,59.2,3323,22,18,1,4.6,3.8,80.2,26,204,5.19,7,6.22,5.49,11.8,207.7,,6,10,0,3,3,QB,EverJi00
420,Bobby Hebert,3287,19,16,13.2,205.4,82.9,2,16,1992,32,NOR,16,16,249,422,173,59,3287,19,16,2,4.5,3.8,82.9,15,119,3.43,7.8,6.98,6.47,13.2,205.4,,12,4,0,2,4,QB,HebeBo00
421,Jim Kelly,3457,23,19,12.9,216.1,81.2,3,16,1992,32,BUF,16,16,269,462,193,58.2,3457,23,19,2,5,4.1,81.2,20,145,4.15,7.5,6.63,6.05,12.9,216.1,,11,5,0,3,3,QB,KellJi00
422,Dave Krieg,3115,15,12,13.5,194.7,79.9,1,16,1992,34,KAN,16,16,230,413,183,55.7,3115,15,12,0,3.6,2.9,79.9,48,323,10.41,7.5,6.96,5.54,13.5,194.7,,10,6,0,1,1,QB,KrieDa00
423,Dan Marino,4116,24,16,12.5,257.3,85.1,6,16,1992,31,MIA,16,16,330,554,224,59.6,4116,24,16,4,4.3,2.9,85.1,28,173,4.81,7.4,7,6.36,12.5,257.3,,11,5,0,6,6,QB,MariDa00
424,Mark Rypien,3282,13,17,12.2,205.1,71.7,1,16,1992,30,WAS,16,16,269,479,210,56.2,3282,13,17,2,2.7,3.5,71.7,23,176,4.58,6.9,5.8,5.18,12.2,205.1,,9,7,0,1,1,QB,RypiMa00
425,Steve Young,3465,25,7,12.9,216.6,107,3,16,1992,31,SFO,16,16,268,402,134,66.7,3465,25,7,2,6.2,1.7,107,29,152,6.73,8.6,9.08,8.12,12.9,216.6,,14,2,0,3,5,QB,YounSt00
426,John Elway,3253,13,12,13.4,203.3,75.4,1,16,1991,31,DEN,16,16,242,451,209,53.7,3253,13,12,0,2.9,2.7,75.4,45,305,9.07,7.2,6.59,5.38,13.4,203.3,,12,4,0,1,4,QB,ElwaJo00
427,Jim Everett,3438,11,20,12.4,214.9,68.9,0,16,1991,28,RAM,16,16,277,490,213,56.5,3438,11,20,1,2.2,4.1,68.9,30,200,5.77,7,5.63,4.92,12.4,214.9,,3,13,0,0,0,QB,EverJi00
428,John Friesz,2896,12,15,11.1,181,67.1,2,16,1991,24,SDG,16,16,262,487,225,53.8,2896,12,15,1,2.5,3.1,67.1,32,214,6.17,5.9,5.05,4.33,11.1,181,,4,12,0,2,3,QB,FrieJo00
429,Jeff George,2910,10,12,10,181.9,73.8,0,16,1991,24,IND,16,16,292,485,193,60.2,2910,10,12,1,2.1,2.5,73.8,56,481,10.35,6,5.3,3.86,10,181.9,,1,15,0,0,0,QB,GeorJe00
430,Jim Harbaugh,3121,15,16,11.3,195.1,73.7,3,16,1991,28,CHI,16,16,275,478,203,57.5,3121,15,16,0,3.1,3.3,73.7,24,163,4.78,6.5,5.65,5.06,11.3,195.1,,11,5,0,3,3,QB,HarbJi00
431,Bernie Kosar,3487,18,9,11.4,217.9,87.8,2,16,1991,28,CLE,16,16,307,494,187,62.1,3487,18,9,1,3.6,1.8,87.8,41,232,7.66,7.1,6.97,6,11.4,217.9,,6,10,0,2,1,QB,KosaBe00
432,Dan Marino,3970,25,13,12.5,248.1,85.8,1,16,1991,30,MIA,16,16,318,549,231,57.9,3970,25,13,2,4.6,2.4,85.8,27,182,4.69,7.2,7.08,6.43,12.5,248.1,,8,8,0,1,3,QB,MariDa00
433,Warren Moon,4690,23,21,11.6,293.1,81.7,4,16,1991,35,HOU,16,16,404,655,251,61.7,4690,23,21,0,3.5,3.2,81.7,23,174,3.39,7.2,6.42,5.95,11.6,293.1,,11,5,0,4,5,QB,MoonWa00
434,Ken O'Brien,3300,10,11,11.5,206.3,76.6,2,16,1991,31,NYJ,16,16,287,489,202,58.7,3300,10,11,0,2,2.2,76.6,33,273,6.32,6.7,6.15,5.23,11.5,206.3,,8,8,0,2,5,QB,OBriKe00
435,Mark Rypien,3564,28,11,14.3,222.8,97.9,2,16,1991,29,WAS,16,16,249,421,172,59.1,3564,28,11,1,6.7,2.6,97.9,7,59,1.64,8.5,8.62,8.34,14.3,222.8,,14,2,0,2,5,QB,RypiMa00
436,Bubby Brister,2725,20,14,12.2,170.3,81.6,2,16,1990,28,PIT,16,16,223,387,164,57.6,2725,20,14,0,5.2,3.6,81.6,28,213,6.75,7,6.45,5.5,12.2,170.3,,9,7,0,2,2,QB,BrisBu00
437,Randall Cunningham,3466,30,13,12.8,216.6,91.6,3,16,1990,27,PHI,16,16,271,465,194,58.3,3466,30,13,0,6.5,2.8,91.6,49,431,9.53,7.5,7.49,5.93,12.8,216.6,,10,6,0,3,3,QB,CunnRa00
438,Steve DeBerg,3444,23,4,13.3,215.3,96.3,2,16,1990,36,KAN,16,16,258,444,186,58.1,3444,23,4,0,5.2,0.9,96.3,22,191,4.72,7.8,8.39,7.58,13.3,215.3,,11,5,0,2,3,QB,DebeSt00
439,John Elway,3526,15,14,12,220.4,78.5,1,16,1990,30,DEN,16,16,294,502,208,58.6,3526,15,14,2,3,2.8,78.5,43,311,7.89,7,6.37,5.29,12,220.4,,5,11,0,1,3,QB,ElwaJo00
440,Boomer Esiason,3031,24,22,13.5,189.4,77,2,16,1990,29,CIN,16,16,224,402,178,55.7,3031,24,22,1,6,5.5,77,31,198,7.16,7.5,6.27,5.36,13.5,189.4,,9,7,0,2,4,QB,EsiaBo00
441,Jim Everett,3989,23,17,13,249.3,79.3,0,16,1990,27,RAM,16,16,307,554,247,55.4,3989,23,17,2,4.2,3.1,79.3,30,198,5.14,7.2,6.65,5.97,13,249.3,,5,11,0,0,0,QB,EverJi00
442,Dave Krieg,3194,15,20,12.1,199.6,73.6,4,16,1990,32,SEA,16,16,265,448,183,59.2,3194,15,20,0,3.3,4.5,73.6,40,360,8.2,7.1,5.79,4.58,12.1,199.6,,9,7,0,4,5,QB,KrieDa00
443,Dan Marino,3563,21,11,11.6,222.7,82.6,3,16,1990,29,MIA,16,16,306,531,225,57.6,3563,21,11,0,4,2.1,82.6,15,90,2.75,6.7,6.57,6.22,11.6,222.7,,12,4,0,3,3,QB,MariDa00
444,Ken O'Brien,2855,13,10,12.6,178.4,77.3,0,16,1990,30,NYJ,16,16,226,411,185,55,2855,13,10,0,3.2,2.4,77.3,34,262,7.64,6.9,6.48,5.4,12.6,178.4,,6,10,0,0,0,QB,OBriKe00
445,Timm Rosenbach,3098,16,17,13.1,193.6,72.8,1,16,1990,24,PHO,16,16,237,437,200,54.2,3098,16,17,1,3.7,3.9,72.8,43,285,8.96,7.1,6.07,4.93,13.1,193.6,,5,11,0,1,1,QB,RoseTi00
446,Jay Schroeder,2849,19,9,15.7,178.1,90.8,2,16,1990,29,RAI,16,16,182,334,152,54.5,2849,19,9,0,5.7,2.7,90.8,29,197,7.99,8.5,8.46,7.24,15.7,178.1,,12,4,0,2,2,QB,SchrJa00
447,Randall Cunningham,3400,21,15,11.7,212.5,75.5,4,16,1989,26,PHI,16,16,290,532,242,54.5,3400,21,15,0,3.9,2.8,75.5,45,343,7.8,6.4,5.91,4.86,11.7,212.5,,11,5,0,4,5,QB,CunnRa00
448,Jim Everett,4310,29,17,14.2,269.4,90.6,4,16,1989,26,RAM,16,16,304,518,214,58.7,4310,29,17,0,5.6,3.3,90.6,29,214,5.3,8.3,7.96,7.15,14.2,269.4,,11,5,0,4,4,QB,EverJi00
449,Bernie Kosar,3533,18,14,11.7,220.8,80.3,2,16,1989,26,CLE,16,16,303,513,210,59.1,3533,18,14,1,3.5,2.7,80.3,34,192,6.22,6.9,6.36,5.61,11.7,220.8,,9,6,1,2,3,QB,KosaBe00
450,Don Majkowski,4318,27,20,12.2,269.9,82.3,5,16,1989,25,GNB,16,16,353,599,246,58.9,4318,27,20,2,4.5,3.3,82.3,47,268,7.28,7.2,6.61,5.71,12.2,269.9,,10,6,0,5,7,QB,MajkDo00
451,Dan Marino,3997,24,22,13,249.8,76.9,2,16,1989,28,MIA,16,16,308,550,242,56,3997,24,22,1,4.4,4,76.9,10,86,1.79,7.3,6.34,6.07,13,249.8,,8,8,0,2,4,QB,MariDa00
452,Warren Moon,3631,23,14,13,226.9,88.9,2,16,1989,33,HOU,16,16,280,464,184,60.3,3631,23,14,0,5,3,88.9,35,267,7.01,7.8,7.46,6.4,13,226.9,,9,7,0,2,3,QB,MoonWa00
453,Randall Cunningham,3808,24,16,12.7,238,77.6,3,16,1988,25,PHI,16,16,301,560,259,53.8,3808,24,16,0,4.3,2.9,77.6,57,442,9.24,6.8,6.37,5.07,12.7,238,,10,6,0,3,3,QB,CunnRa00
454,Boomer Esiason,3572,28,14,16,223.3,97.4,3,16,1988,27,CIN,16,16,223,388,165,57.5,3572,28,14,0,7.2,3.6,97.4,30,245,7.18,9.2,9.03,7.79,16,223.3,,12,4,0,3,4,QB,EsiaBo00
455,Jim Everett,3964,31,18,12.9,247.8,89.2,0,16,1988,25,RAM,16,16,308,517,209,59.6,3964,31,18,1,6,3.5,89.2,28,197,5.14,7.7,7.3,6.56,12.9,247.8,,10,6,0,0,0,QB,EverJi00
456,Bobby Hebert,3156,20,15,11.3,197.3,79.3,1,16,1988,28,NOR,16,16,280,478,198,58.6,3156,20,15,1,4.2,3.1,79.3,24,171,4.78,6.6,6.03,5.4,11.3,197.3,,10,6,0,1,2,QB,HebeBo00
457,Jim Kelly,3380,15,17,12.6,211.3,78.2,3,16,1988,28,BUF,16,16,269,452,183,59.5,3380,15,17,1,3.3,3.8,78.2,30,229,6.22,7.5,6.45,5.57,12.6,211.3,,12,4,0,3,5,QB,KellJi00
458,Dan Marino,4434,28,23,12.5,277.1,80.8,1,16,1988,27,MIA,16,16,354,606,252,58.4,4434,28,23,4,4.6,3.8,80.8,6,31,0.98,7.3,6.53,6.42,12.5,277.1,,6,10,0,1,2,QB,MariDa00
459,John Elway,3485,19,13,12.4,217.8,79,1,16,1986,26,DEN,16,16,280,504,224,55.6,3485,19,13,1,3.8,2.6,79,32,233,5.97,6.9,6.51,5.68,12.4,217.8,,11,5,0,1,1,QB,ElwaJo00
460,Boomer Esiason,3959,24,17,14.5,247.4,87.7,3,16,1986,25,CIN,16,16,273,469,196,58.2,3959,24,17,0,5.1,3.6,87.7,26,194,5.25,8.4,7.83,7.03,14.5,247.4,,10,6,0,3,4,QB,EsiaBo00
461,Jim Kelly,3593,22,17,12.6,224.6,83.3,0,16,1986,26,BUF,16,16,285,480,195,59.4,3593,22,17,0,4.6,3.5,83.3,43,330,8.22,7.5,6.81,5.62,12.6,224.6,,4,12,0,0,0,QB,KellJi00
462,Bernie Kosar,3854,17,10,12.4,240.9,83.8,4,16,1986,23,CLE,16,16,310,531,221,58.4,3854,17,10,1,3.2,1.9,83.8,39,274,6.84,7.3,7.05,6.09,12.4,240.9,,12,4,0,4,6,QB,KosaBe00
463,Dan Marino,4746,44,23,12.6,296.6,92.5,1,16,1986,25,MIA,16,16,378,623,245,60.7,4746,44,23,1,7.1,3.7,92.5,17,119,2.66,7.6,7.37,6.99,12.6,296.6,,8,8,0,1,2,QB,MariDa00
464,Jay Schroeder,4109,22,22,14.9,256.8,72.9,4,16,1986,25,WAS,16,16,276,541,265,51,4109,22,22,0,4.1,4.1,72.9,28,240,4.92,7.6,6.58,5.83,14.9,256.8,,12,4,0,4,5,QB,SchrJa00
465,Phil Simms,3487,21,22,13.5,217.9,74.6,2,16,1986,31,NYG,16,16,259,468,209,55.3,3487,21,22,1,4.5,4.7,74.6,45,359,8.77,7.5,6.23,4.99,13.5,217.9,,14,2,0,2,4,QB,SimmPh00
466,Randy Wright,3247,17,23,12.3,202.9,66.2,0,16,1986,25,GNB,16,16,263,492,229,53.5,3247,17,23,2,3.5,4.7,66.2,33,243,6.29,6.6,5.19,4.4,12.3,202.9,,4,12,0,0,0,QB,WrigRa00
467,John Elway,3891,22,23,11.9,243.2,70.2,6,16,1985,25,DEN,16,16,327,605,278,54,3891,22,23,2,3.6,3.8,70.2,38,307,5.91,6.4,5.45,4.65,11.9,243.2,,11,5,0,6,6,QB,ElwaJo00
468,Dave Krieg,3602,27,20,12.6,225.1,76.2,2,16,1985,27,SEA,16,16,285,532,247,53.6,3602,27,20,1,5.1,3.8,76.2,52,448,8.9,6.8,6.09,4.78,12.6,225.1,,8,8,0,2,2,QB,KrieDa00
469,Neil Lomax,3214,18,12,12.1,200.9,79.5,1,16,1985,26,STL,16,16,265,471,206,56.3,3214,18,12,0,3.8,2.5,79.5,61,442,11.47,6.8,6.44,4.87,12.1,200.9,,5,11,0,1,1,QB,LomaNe00
470,Dan Marino,4137,30,21,12.3,258.6,84.1,3,16,1985,24,MIA,16,16,336,567,231,59.3,4137,30,21,0,5.3,3.7,84.1,18,157,3.08,7.3,6.69,6.21,12.3,258.6,,12,4,0,3,5,QB,MariDa00
471,Ken O'Brien,3888,25,8,13.1,243,96.2,1,16,1985,25,NYJ,16,16,297,488,191,60.9,3888,25,8,1,5.1,1.6,96.2,62,399,11.27,8,8.25,6.6,13.1,243,,11,5,0,1,1,QB,OBriKe00
472,Phil Simms,3829,22,20,13.9,239.3,78.6,0,16,1985,30,NYG,16,16,275,495,220,55.6,3829,22,20,4,4.4,4,78.6,52,396,9.51,7.7,6.81,5.44,13.9,239.3,,10,6,0,0,0,QB,SimmPh00
473,Dave Krieg,3671,32,24,13.3,229.4,83.3,1,16,1984,26,SEA,16,16,276,480,204,57.5,3671,32,24,3,6.7,5,83.3,40,314,7.69,7.6,6.73,5.61,13.3,229.4,,12,4,0,1,2,QB,KrieDa00
474,Neil Lomax,4614,28,16,13.4,288.4,92.5,3,16,1984,25,STL,16,16,345,560,215,61.6,4614,28,16,0,5,2.9,92.5,49,377,8.05,8.2,7.95,6.69,13.4,288.4,,9,7,0,3,4,QB,LomaNe00
475,Dan Marino,5084,48,17,14,317.8,108.9,2,16,1984,23,MIA,16,16,362,564,202,64.2,5084,48,17,1,8.5,3,108.9,13,120,2.25,9,9.36,8.94,14,317.8,,14,2,0,2,3,QB,MariDa00
476,Paul McDonald,3472,14,23,12.8,217,67.3,1,16,1984,26,CLE,16,16,271,493,222,55,3472,14,23,3,2.8,4.7,67.3,53,345,9.71,7,5.51,4.34,12.8,217,,5,11,0,1,3,QB,McDoPa00
477,Warren Moon,3338,12,14,12.9,208.6,76.9,1,16,1984,28,HOU,16,16,259,450,191,57.6,3338,12,14,2,2.7,3.1,76.9,47,371,9.46,7.4,6.55,5.19,12.9,208.6,,3,13,0,1,2,QB,MoonWa00
478,Phil Simms,4044,22,18,14.1,252.8,78.1,1,16,1984,29,NYG,16,16,286,533,247,53.7,4044,22,18,1,4.1,3.4,78.1,55,434,9.35,7.6,6.89,5.51,14.1,252.8,,9,7,0,1,1,QB,SimmPh00
479,Joe Theismann,3391,24,13,12,211.9,86.6,3,16,1984,35,WAS,16,16,283,477,194,59.3,3391,24,13,0,5,2.7,86.6,48,341,9.14,7.1,6.89,5.61,12,211.9,,11,5,0,3,3,QB,TheiJo00
480,Lynn Dickey,4458,32,29,15.4,278.6,87.3,3,16,1983,34,GNB,16,16,289,484,195,59.7,4458,32,29,4,6.6,6,87.3,40,307,7.63,9.2,7.84,6.65,15.4,278.6,,8,8,0,3,4,QB,DickLy00
481,Joe Ferguson,2995,26,25,10.7,187.2,69.3,3,16,1983,33,BUF,16,16,281,508,227,55.3,2995,26,25,2,5.1,4.9,69.3,27,266,5.05,5.9,4.7,3.97,10.7,187.2,,8,8,0,3,3,QB,FergJo00
482,Vince Ferragamo,3276,22,23,12,204.8,75.9,3,16,1983,29,RAM,16,16,274,464,190,59.1,3276,22,23,0,4.7,5,75.9,21,178,4.33,7.1,5.78,5.16,12,204.8,,9,7,0,3,3,QB,FerrVi00
483,Eric Hipple,2577,12,18,12.6,161.1,64.7,1,16,1983,26,DET,16,16,204,387,183,52.7,2577,12,18,0,3.1,4.7,64.7,37,274,8.73,6.7,5.19,4.09,12.6,161.1,,9,7,0,1,1,QB,HippEr00
484,Ron Jaworski,3315,20,18,14.1,207.2,75.1,2,16,1983,32,PHI,16,16,235,446,211,52.7,3315,20,18,0,4.5,4,75.1,53,385,10.62,7.4,6.51,5.05,14.1,207.2,,5,11,0,2,3,QB,JawoRo00
485,Bill Kenney,4348,24,18,12.6,271.8,80.8,0,16,1983,28,KAN,16,16,346,603,257,57.4,4348,24,18,2,4,3,80.8,41,284,6.37,7.2,6.66,5.8,12.6,271.8,,6,10,0,0,1,QB,KennBi00
486,Joe Montana,3910,26,12,11.8,244.4,94.6,2,16,1983,27,SFO,16,16,332,515,183,64.5,3910,26,12,1,5,2.3,94.6,33,224,6.02,7.6,7.55,6.69,11.8,244.4,,10,6,0,2,1,QB,MontJo01
487,Joe Theismann,3714,29,11,13.5,232.1,97,2,16,1983,34,WAS,16,16,276,459,183,60.1,3714,29,11,0,6.3,2.4,97,34,242,6.9,8.1,8.28,7.22,13.5,232.1,,14,2,0,2,4,QB,TheiJo00
488,Richard Todd,3478,18,26,11.3,217.4,70.3,0,16,1983,30,NYJ,16,16,308,518,210,59.5,3478,18,26,3,3.5,5,70.3,42,314,7.5,6.7,5.15,4.2,11.3,217.4,,7,9,0,0,1,QB,ToddRi00
489,Danny White,3980,29,23,11.9,248.8,85.6,2,16,1983,31,DAL,16,16,334,533,199,62.7,3980,29,23,1,5.4,4.3,85.6,37,314,6.49,7.5,6.61,5.63,11.9,248.8,,12,4,0,2,2,QB,WhitDa01
490,Ken Anderson,3754,29,10,12.5,234.6,98.4,2,16,1981,32,CIN,16,16,300,479,179,62.6,3754,29,10,1,6.1,2.1,98.4,25,140,4.96,7.8,8.11,7.43,12.5,234.6,,12,4,0,2,2,QB,AndeKe00
491,Steve Bartkowski,3829,30,23,12.9,239.3,79.2,1,16,1981,29,ATL,16,16,297,533,236,55.7,3829,30,23,0,5.6,4.3,79.2,37,287,6.49,7.2,6.37,5.45,12.9,239.3,,7,9,0,1,1,QB,BartSt00
492,Vince Evans,2354,11,20,12.1,147.1,51.1,0,16,1981,26,CHI,16,16,195,436,241,44.7,2354,11,20,2,2.5,4.6,51.1,23,173,5.01,5.4,3.84,3.27,12.1,147.1,,6,10,0,0,2,QB,EvanVi00
493,Joe Ferguson,3652,24,20,14.5,228.3,74.1,2,16,1981,31,BUF,16,16,252,498,246,50.6,3652,24,20,0,4.8,4,74.1,15,137,2.92,7.3,6.49,6.03,14.5,228.3,,10,6,0,2,2,QB,FergJo00
494,Dan Fouts,4802,33,17,13.3,300.1,90.6,3,16,1981,30,SDG,16,16,360,609,249,59.1,4802,33,17,1,5.4,2.8,90.6,19,134,3.03,7.9,7.71,7.27,13.3,300.1,,10,6,0,3,3,QB,FoutDa00
495,Ron Jaworski,3095,23,20,12.4,193.4,73.8,0,16,1981,30,PHI,16,16,250,461,211,54.2,3095,23,20,2,5,4.3,73.8,21,197,4.36,6.7,5.76,5.1,12.4,193.4,,10,6,0,0,1,QB,JawoRo00
496,Joe Montana,3565,19,12,11.5,222.8,88.4,2,16,1981,25,SFO,16,16,311,488,177,63.7,3565,19,12,2,3.9,2.5,88.4,26,193,5.06,7.3,6.98,6.25,11.5,222.8,,13,3,0,2,2,QB,MontJo01
497,Brian Sipe,3876,17,25,12.4,242.3,68.2,2,16,1981,32,CLE,16,16,313,567,254,55.2,3876,17,25,1,3,4.4,68.2,34,310,5.66,6.8,5.45,4.63,12.4,242.3,,5,11,0,2,2,QB,SipeBr00
498,Joe Theismann,3568,19,20,12.2,223,77.3,2,16,1981,32,WAS,16,16,293,496,203,59.1,3568,19,20,1,3.8,4,77.3,28,259,5.34,7.2,6.15,5.32,12.2,223,,8,8,0,2,2,QB,TheiJo00
499,Richard Todd,3231,25,13,11.6,201.9,81.8,2,16,1981,28,NYJ,16,16,279,497,218,56.1,3231,25,13,0,5,2.6,81.8,30,224,5.69,6.5,6.33,5.54,11.6,201.9,,10,5,1,2,1,QB,ToddRi00
500,Doug Williams,3563,19,14,15,222.7,76.8,2,16,1981,26,TAM,16,16,238,471,233,50.5,3563,19,14,0,4,3,76.8,18,135,3.68,7.6,7.03,6.5,15,222.7,,9,7,0,2,3,QB,WillDo01
501,Steve Bartkowski,3544,31,16,13.8,221.5,88.2,3,16,1980,28,ATL,16,16,257,463,206,55.5,3544,31,16,0,6.7,3.5,88.2,35,324,7.03,7.7,7.44,6.27,13.8,221.5,,12,4,0,3,4,QB,BartSt00
502,Gary Danielson,3223,13,11,13.2,201.4,82.4,1,16,1980,29,DET,16,16,244,417,173,58.5,3223,13,11,1,3.1,2.6,82.4,44,338,9.54,7.7,7.17,5.75,13.2,201.4,,9,7,0,1,2,QB,DaniGa00
503,Lynn Dickey,3529,15,25,12.7,220.6,70,0,16,1980,31,GNB,16,16,278,478,200,58.2,3529,15,25,3,3.1,5.2,70,37,314,7.18,7.4,5.66,4.64,12.7,220.6,,5,10,1,0,3,QB,DickLy00
504,Joe Ferguson,2805,20,18,11.2,175.3,74.5,2,16,1980,30,BUF,16,16,251,439,188,57.2,2805,20,18,1,4.6,4.1,74.5,13,129,2.88,6.4,5.46,5.01,11.2,175.3,,11,5,0,2,4,QB,FergJo00
505,Dan Fouts,4715,30,24,13.5,294.7,84.7,1,16,1980,29,SDG,16,16,348,589,241,59.1,4715,30,24,1,5.1,4.1,84.7,32,210,5.15,8,7.19,6.48,13.5,294.7,,11,5,0,1,2,QB,FoutDa00
506,Ron Jaworski,3529,27,12,13.7,220.6,91,2,16,1980,29,PHI,16,16,257,451,194,57,3529,27,12,1,6,2.7,91,27,213,5.65,7.8,7.82,6.94,13.7,220.6,,12,4,0,2,3,QB,JawoRo00
507,Archie Manning,3716,23,20,12,232.3,81.8,1,16,1980,31,NOR,16,16,309,509,200,60.7,3716,23,20,0,4.5,3.9,81.8,41,311,7.45,7.3,6.44,5.39,12,232.3,,1,15,0,1,1,QB,MannAr00
508,Brian Sipe,4132,30,14,12.3,258.3,91.4,3,16,1980,31,CLE,16,16,337,554,217,60.8,4132,30,14,2,5.4,2.5,91.4,23,217,3.99,7.5,7.4,6.73,12.3,258.3,,11,5,0,3,4,QB,SipeBr00
509,Ken Stabler,3202,13,28,10.9,200.1,68.7,2,16,1980,35,HOU,16,16,293,457,164,64.1,3202,13,28,2,2.8,6.1,68.7,27,264,5.58,7,4.82,4,10.9,200.1,,11,5,0,2,2,QB,StabKe00
510,Richard Todd,3329,17,30,12.6,208.1,62.7,0,16,1980,27,NYJ,16,16,264,479,215,55.1,3329,17,30,1,3.5,6.3,62.7,42,326,8.06,6.9,4.84,3.83,12.6,208.1,,4,12,0,0,2,QB,ToddRi00
511,Danny White,3287,28,25,12.6,205.4,80.7,1,16,1980,28,DAL,16,16,260,436,176,59.6,3287,28,25,1,6.4,5.7,80.7,30,252,6.44,7.5,6.24,5.3,12.6,205.4,,12,4,0,1,1,QB,WhitDa01
512,Doug Williams,3396,20,16,13.4,212.3,69.9,5,16,1980,25,TAM,16,16,254,521,267,48.8,3396,20,16,0,3.8,3.1,69.9,23,194,4.23,6.5,5.9,5.3,13.4,212.3,,5,10,1,5,4,QB,WillDo01
513,Jim Zorn,3346,17,20,12.1,209.1,72.3,1,16,1980,27,SEA,16,16,276,488,212,56.6,3346,17,20,2,3.5,4.1,72.3,44,341,8.27,6.9,5.71,4.6,12.1,209.1,,4,12,0,1,1,QB,ZornJi00
514,Terry Bradshaw,3724,26,25,14.4,232.8,77,4,16,1979,31,PIT,16,16,259,472,213,54.9,3724,26,25,1,5.5,5.3,77,24,196,4.84,7.9,6.61,5.89,14.4,232.8,,12,4,0,4,4,QB,BradTe00
515,Joe Ferguson,3572,14,15,15,223.3,74.4,2,16,1979,29,BUF,16,16,238,458,220,52,3572,14,15,0,3.1,3.3,74.4,43,387,8.58,7.8,6.94,5.57,15,223.3,,7,9,0,2,3,QB,FergJo00
516,Dan Fouts,4082,24,24,12.3,255.1,82.6,1,16,1979,28,SDG,16,16,332,530,198,62.6,4082,24,24,1,4.5,4.5,82.6,28,195,5.02,7.7,6.57,5.89,12.3,255.1,,12,4,0,1,1,QB,FoutDa00
517,Steve Grogan,3286,28,20,16,205.4,77.4,1,16,1979,26,NWE,16,16,206,423,217,48.7,3286,28,20,0,6.6,4.7,77.4,45,341,9.62,7.8,6.96,5.57,16,205.4,,9,7,0,1,1,QB,GrogSt00
518,Ron Jaworski,2669,18,12,14,166.8,76.8,2,16,1979,28,PHI,16,16,190,374,184,50.8,2669,18,12,0,4.8,3.2,76.8,34,272,8.33,7.1,6.66,5.43,14,166.8,,11,5,0,2,2,QB,JawoRo00
519,Tommy Kramer,3397,23,24,10.8,212.3,69.3,3,16,1979,24,MIN,16,16,315,566,251,55.7,3397,23,24,2,4.1,4.2,69.3,36,249,5.98,6,4.91,4.2,10.8,212.3,,7,9,0,3,3,QB,KramTo00
520,Archie Manning,3169,15,20,12.6,198.1,75.6,0,16,1979,30,NOR,16,16,252,420,168,60,3169,15,20,0,3.6,4.8,75.6,17,140,3.89,7.5,6.12,5.56,12.6,198.1,,8,8,0,0,0,QB,MannAr00
521,Brian Sipe,3793,28,26,13.3,237.1,73.4,5,16,1979,30,CLE,16,16,286,535,249,53.5,3793,28,26,1,5.2,4.9,73.4,43,347,7.44,7.1,5.95,4.91,13.3,237.1,,9,7,0,5,7,QB,SipeBr00
522,Ken Stabler,3615,26,22,11.9,225.9,82.2,1,16,1979,34,OAK,16,16,304,498,194,61,3615,26,22,3,5.2,4.4,82.2,34,284,6.39,7.3,6.32,5.38,11.9,225.9,,9,7,0,1,1,QB,StabKe00
523,Roger Staubach,3586,27,11,13.4,224.1,92.3,4,16,1979,37,DAL,16,16,267,461,194,57.9,3586,27,11,1,5.9,2.4,92.3,36,240,7.24,7.8,7.88,6.82,13.4,224.1,,11,5,0,4,4,QB,StauRo00
524,Joe Theismann,2797,20,13,12,174.8,83.9,3,16,1979,30,WAS,16,16,233,395,162,59,2797,20,13,0,5.1,3.3,83.9,34,263,7.93,7.1,6.61,5.48,12,174.8,,10,6,0,3,4,QB,TheiJo00
525,Doug Williams,2448,18,24,14.7,153,52.5,3,16,1979,24,TAM,16,16,166,397,231,41.8,2448,18,24,1,4.5,6,52.5,7,57,1.73,6.2,4.35,4.14,14.7,153,,10,6,0,3,4,QB,WillDo01
526,Jim Zorn,3661,20,18,12.8,228.8,77.7,2,16,1979,26,SEA,16,16,285,505,220,56.4,3661,20,18,1,4,3.6,77.7,23,201,4.36,7.2,6.44,5.78,12.8,228.8,,9,7,0,2,3,QB,ZornJi00
527,Terry Bradshaw,2915,28,20,14.1,182.2,84.7,2,16,1978,30,PIT,16,16,207,368,161,56.3,2915,28,20,0,7.6,5.4,84.7,21,222,5.4,7.9,7,6.05,14.1,182.2,,14,2,0,2,2,QB,BradTe00
528,Joe Ferguson,2136,16,15,12.2,133.5,70.5,1,16,1978,28,BUF,16,16,175,330,155,53,2136,16,15,1,4.8,4.5,70.5,29,243,8.08,6.5,5.4,4.28,12.2,133.5,,5,11,0,1,1,QB,FergJo00
529,Steve Grogan,2824,15,23,15.6,176.5,63.6,3,16,1978,25,NWE,16,16,181,362,181,50,2824,15,23,1,4.1,6.4,63.6,21,184,5.48,7.8,5.77,4.97,15.6,176.5,,11,5,0,3,6,QB,GrogSt00
530,Pat Haden,2995,13,19,13.1,187.2,65.1,3,16,1978,25,RAM,16,16,229,444,215,51.6,2995,13,19,0,2.9,4.3,65.1,32,216,6.72,6.7,5.41,4.59,13.1,187.2,,12,4,0,3,6,QB,HadePa00
531,Ron Jaworski,2487,16,16,12.1,155.4,67.9,1,16,1978,27,PHI,16,16,206,398,192,51.8,2487,16,16,0,4,4,67.9,41,288,9.34,6.2,5.24,4.1,12.1,155.4,,9,7,0,1,2,QB,JawoRo00
532,Archie Manning,3416,17,16,11.7,213.5,81.7,2,16,1978,29,NOR,16,16,291,471,180,61.8,3416,17,16,1,3.6,3.4,81.7,37,301,7.28,7.3,6.45,5.38,11.7,213.5,,7,9,0,2,4,QB,MannAr00
533,Dan Pastorini,2473,16,17,12.4,154.6,70.4,6,16,1978,29,HOU,16,16,199,368,169,54.1,2473,16,17,0,4.3,4.6,70.4,15,123,3.92,6.7,5.51,4.97,12.4,154.6,,10,6,0,6,6,QB,PastDa00
534,Brian Sipe,2906,21,15,13.1,181.6,80.7,2,16,1978,29,CLE,16,16,222,399,177,55.6,2906,21,15,0,5.3,3.8,80.7,29,229,6.78,7.3,6.64,5.66,13.1,181.6,,8,8,0,2,2,QB,SipeBr00
535,Ken Stabler,2944,16,30,12.4,184,63.3,3,16,1978,33,OAK,16,16,237,406,169,58.4,2944,16,30,1,3.9,7.4,63.3,37,347,8.35,7.3,4.71,3.54,12.4,184,,9,7,0,3,3,QB,StabKe00
536,Fran Tarkenton,3468,25,32,10.1,216.8,68.9,2,16,1978,38,MIN,16,16,345,572,227,60.3,3468,25,32,2,4.4,5.6,68.9,27,254,4.51,6.1,4.42,3.8,10.1,216.8,,8,7,1,2,1,QB,TarkFr00
537,David Whitehurst,2093,10,17,12.5,130.8,59.9,1,16,1978,23,GNB,16,16,168,328,160,51.2,2093,10,17,1,3,5.2,59.9,35,258,9.64,6.4,4.66,3.5,12.5,130.8,,8,7,1,1,1,QB,WhitDa02
538,Jim Zorn,3283,15,20,13.2,205.2,72.1,3,16,1978,25,SEA,16,16,248,443,195,56,3283,15,20,1,3.4,4.5,72.1,44,284,9.03,7.4,6.06,4.93,13.2,205.2,,9,7,0,3,4,QB,ZornJi00