PICK,TOTAL VALUE,YEAR 1,YEAR 2,YEAR 3,YEAR 4
1,"$48,757,500","$8,865,000","$11,081,250","$13,297,500","$15,513,750"
2,"$46,571,074","$8,467,468","$10,584,335","$12,701,202","$14,818,069"
3,"$45,179,746","$8,214,499","$10,268,124","$12,321,749","$14,375,374"
4,"$43,589,604","$7,925,382","$9,906,728","$11,888,074","$13,869,420"
5,"$40,806,872","$7,419,431","$9,274,289","$11,129,147","$12,984,005"
6,"$35,837,732","$6,515,951","$8,144,939","$9,773,927","$11,402,915"
7,"$31,862,416","$5,793,166","$7,241,458","$8,689,750","$10,138,042"
8,"$27,887,104","$5,070,382","$6,337,978","$7,605,574","$8,873,170"
9,"$27,688,114","$5,034,202","$6,292,753","$7,551,304","$8,809,855"
10,"$26,595,118","$4,835,476","$6,044,345","$7,253,214","$8,462,083"
11,"$24,905,620","$4,528,294","$5,660,368","$6,792,442","$7,924,516"
12,"$22,520,414","$4,094,621","$5,118,276","$6,141,931","$7,165,586"
13,"$21,924,122","$3,986,204","$4,982,755","$5,979,306","$6,975,857"
14,"$20,930,294","$3,805,508","$4,756,885","$5,708,262","$6,659,639"
15,"$20,532,790","$3,733,234","$4,666,543","$5,599,852","$6,533,161"
16,"$19,340,170","$3,516,394","$4,395,493","$5,274,592","$6,153,691"
17,"$18,942,634","$3,444,115","$4,305,144","$5,166,173","$6,027,202"
18,"$18,445,724","$3,353,768","$4,192,210","$5,030,652","$5,869,094"
19,"$18,147,572","$3,299,558","$4,124,448","$4,949,338","$5,774,228"
20,"$18,048,198","$3,281,490","$4,101,863","$4,922,236","$5,742,609"
21,"$17,948,806","$3,263,419","$4,079,274","$4,895,129","$5,710,984"
22,"$17,750,036","$3,227,279","$4,034,099","$4,840,919","$5,647,739"
23,"$17,551,274","$3,191,141","$3,988,926","$4,786,711","$5,584,496"
24,"$17,153,744","$3,118,862","$3,898,578","$4,678,294","$5,458,010"
25,"$16,954,982","$3,082,724","$3,853,405","$4,624,086","$5,394,767"
26,"$16,756,186","$3,046,579","$3,808,224","$4,569,869","$5,331,514"
27,"$16,557,446","$3,010,445","$3,763,056","$4,515,667","$5,268,278"
28,"$16,458,064","$2,992,375","$3,740,469","$4,488,563","$5,236,657"
29,"$15,660,564","$2,847,375","$3,559,219","$4,271,063","$4,982,907"
30,"$15,238,238","$2,770,589","$3,463,236","$4,155,883","$4,848,530"
31,"$14,884,470","$2,706,267","$3,382,834","$4,059,401","$4,735,968"
32,"$14,656,682","$2,664,851","$3,331,064","$3,997,277","$4,663,490"
33,"$11,787,068","$2,143,103","$2,678,879","$3,214,655","$3,750,431"
34,"$11,687,680","$2,125,033","$2,656,291","$3,187,549","$3,718,807"
35,"$11,588,298","$2,106,963","$2,633,704","$3,160,445","$3,687,186"
36,"$11,389,536","$2,070,825","$2,588,531","$3,106,237","$3,623,943"
37,"$11,310,028","$2,056,369","$2,570,461","$3,084,553","$3,598,645"
38,"$11,131,116","$2,023,839","$2,529,799","$3,035,759","$3,541,719"
39,"$10,952,252","$1,991,318","$2,489,148","$2,986,978","$3,484,808"
40,"$10,793,226","$1,962,405","$2,453,006","$2,943,607","$3,434,208"
41,"$10,634,224","$1,933,495","$2,416,869","$2,900,243","$3,383,617"
42,"$10,455,328","$1,900,969","$2,376,211","$2,851,453","$3,326,695"
43,"$10,296,326","$1,872,059","$2,340,074","$2,808,089","$3,276,104"
44,"$10,144,808","$1,844,510","$2,305,638","$2,766,766","$3,227,894"
45,"$9,932,582","$1,805,924","$2,257,405","$2,708,886","$3,160,367"
46,"$9,703,998","$1,764,363","$2,205,454","$2,646,545","$3,087,636"
47,"$9,401,872","$1,709,431","$2,136,789","$2,564,147","$2,991,505"
48,"$9,203,110","$1,673,293","$2,091,616","$2,509,939","$2,928,262"
49,"$9,004,328","$1,637,150","$2,046,438","$2,455,726","$2,865,014"
50,"$8,805,580","$1,601,014","$2,001,268","$2,401,522","$2,801,776"
51,"$8,606,818","$1,564,876","$1,956,095","$2,347,314","$2,738,533"
52,"$8,408,048","$1,528,736","$1,910,920","$2,293,104","$2,675,288"
53,"$8,209,282","$1,492,597","$1,865,746","$2,238,895","$2,612,044"
54,"$8,010,512","$1,456,457","$1,820,571","$2,184,685","$2,548,799"
55,"$7,811,756","$1,420,319","$1,775,399","$2,130,479","$2,485,559"
56,"$7,712,368","$1,402,249","$1,752,811","$2,103,373","$2,453,935"
57,"$7,652,736","$1,391,406","$1,739,258","$2,087,110","$2,434,962"
58,"$7,553,362","$1,373,338","$1,716,673","$2,060,008","$2,403,343"
59,"$7,414,220","$1,348,040","$1,685,050","$2,022,060","$2,359,070"
60,"$7,354,592","$1,337,198","$1,671,498","$2,005,798","$2,340,098"
61,"$7,275,084","$1,322,742","$1,653,428","$1,984,114","$2,314,800"
62,"$7,215,450","$1,311,900","$1,639,875","$1,967,850","$2,295,825"
63,"$7,195,580","$1,308,287","$1,635,359","$1,962,431","$2,289,503"
64,"$7,155,826","$1,301,059","$1,626,324","$1,951,589","$2,276,854"
65,"$6,758,096","$1,228,745","$1,535,931","$1,843,117","$2,150,303"
66,"$6,740,686","$1,225,579","$1,531,974","$1,838,369","$2,144,764"
67,"$6,732,854","$1,224,155","$1,530,194","$1,836,233","$2,142,272"
68,"$6,720,182","$1,221,851","$1,527,314","$1,832,777","$2,138,240"
69,"$6,699,696","$1,218,126","$1,522,658","$1,827,190","$2,131,722"
70,"$6,660,650","$1,211,027","$1,513,784","$1,816,541","$2,119,298"
71,"$6,634,052","$1,206,191","$1,507,739","$1,809,287","$2,110,835"
72,"$6,615,272","$1,202,777","$1,503,471","$1,804,165","$2,104,859"
73,"$6,589,968","$1,198,176","$1,497,720","$1,797,264","$2,096,808"
74,"$6,577,432","$1,195,897","$1,494,871","$1,793,845","$2,092,819"
75,"$6,558,050","$1,192,373","$1,490,466","$1,788,559","$2,086,652"
76,"$6,503,244","$1,182,408","$1,478,010","$1,773,612","$2,069,214"
77,"$6,497,054","$1,181,282","$1,476,603","$1,771,924","$2,067,245"
78,"$6,487,870","$1,179,613","$1,474,516","$1,769,419","$2,064,322"
79,"$6,463,428","$1,175,169","$1,468,961","$1,762,753","$2,056,545"
80,"$6,440,632","$1,171,024","$1,463,780","$1,756,536","$2,049,292"
81,"$6,417,832","$1,166,878","$1,458,598","$1,750,318","$2,042,038"
82,"$6,401,692","$1,163,944","$1,454,930","$1,745,916","$2,036,902"
83,"$6,368,816","$1,157,966","$1,447,458","$1,736,950","$2,026,442"
84,"$6,345,430","$1,153,714","$1,442,143","$1,730,572","$2,019,001"
85,"$6,332,330","$1,151,333","$1,439,166","$1,726,999","$2,014,832"
86,"$6,310,110","$1,147,293","$1,434,116","$1,720,939","$2,007,762"
87,"$6,289,342","$1,143,517","$1,429,396","$1,715,275","$2,001,154"
88,"$6,278,000","$1,141,454","$1,426,818","$1,712,182","$1,997,546"
89,"$6,274,228","$1,140,769","$1,425,961","$1,711,153","$1,996,345"
90,"$6,272,346","$1,140,426","$1,425,533","$1,710,640","$1,995,747"
91,"$6,270,458","$1,140,083","$1,425,104","$1,710,125","$1,995,146"
92,"$6,261,038","$1,138,370","$1,422,963","$1,707,556","$1,992,149"
93,"$6,242,188","$1,134,943","$1,418,679","$1,702,415","$1,986,151"
94,"$6,223,338","$1,131,516","$1,414,395","$1,697,274","$1,980,153"
95,"$6,204,488","$1,128,089","$1,410,111","$1,692,133","$1,974,155"
96,"$6,185,644","$1,124,662","$1,405,828","$1,686,994","$1,968,160"
97,"$6,158,328","$1,119,696","$1,399,620","$1,679,544","$1,959,468"
98,"$6,158,328","$1,119,696","$1,399,620","$1,679,544","$1,959,468"
99,"$6,158,328","$1,119,696","$1,399,620","$1,679,544","$1,959,468"
100,"$6,158,328","$1,119,696","$1,399,620","$1,679,544","$1,959,468"
101,"$6,158,328","$1,119,696","$1,399,620","$1,679,544","$1,959,468"
102,"$6,131,004","$1,114,728","$1,393,410","$1,672,092","$1,950,774"
103,"$5,298,912","$1,114,728","$1,279,728","$1,394,728","$1,509,728"
104,"$5,274,529","$1,108,632","$1,273,632","$1,388,632","$1,503,632"
105,"$5,271,045","$1,107,761","$1,272,761","$1,387,761","$1,502,761"
106,"$5,264,465","$1,106,116","$1,271,116","$1,386,116","$1,501,116"
107,"$5,254,631","$1,103,658","$1,268,658","$1,383,658","$1,498,658"
108,"$5,248,944","$1,102,236","$1,267,236","$1,382,236","$1,497,236"
109,"$5,245,097","$1,101,274","$1,266,274","$1,381,274","$1,496,274"
110,"$5,239,711","$1,099,928","$1,264,928","$1,379,928","$1,494,928"
111,"$5,233,741","$1,098,435","$1,263,435","$1,378,435","$1,493,435"
112,"$5,226,463","$1,096,616","$1,261,616","$1,376,616","$1,491,616"
113,"$5,209,208","$1,092,302","$1,257,302","$1,372,302","$1,487,302"
114,"$5,206,874","$1,091,718","$1,256,718","$1,371,718","$1,486,718"
115,"$5,202,894","$1,090,723","$1,255,723","$1,370,723","$1,485,723"
116,"$5,201,903","$1,090,476","$1,255,476","$1,370,476","$1,485,476"
117,"$5,196,924","$1,089,231","$1,254,231","$1,369,231","$1,484,231"
118,"$5,184,322","$1,086,080","$1,251,080","$1,366,080","$1,481,080"
119,"$5,180,298","$1,085,074","$1,250,074","$1,365,074","$1,480,074"
120,"$5,171,100","$1,082,775","$1,247,775","$1,362,775","$1,477,775"
121,"$5,161,469","$1,080,367","$1,245,367","$1,360,367","$1,475,367"
        122,"$5,155,341","$1,078,835","$1,243,835","$1,358,835","$1,473,835"
        123,"$5,149,167","$1,077,292","$1,242,292","$1,357,292","$1,472,292"
124,"$5,140,111","$1,075,028","$1,240,028","$1,355,028","$1,470,028"
125,"$5,128,844","$1,072,211","$1,237,211","$1,352,211","$1,467,211"
126,"$5,128,844","$1,072,211","$1,237,211","$1,352,211","$1,467,211"
127,"$5,119,558","$1,069,890","$1,234,890","$1,349,890","$1,464,890"
128,"$5,112,156","$1,068,039","$1,233,039","$1,348,039","$1,463,039"
129,"$5,101,216","$1,065,304","$1,230,304","$1,345,304","$1,460,304"
130,"$5,096,476","$1,064,119","$1,229,119","$1,344,119","$1,459,119"
131,"$5,085,589","$1,061,397","$1,226,397","$1,341,397","$1,456,397"
132,"$5,077,948","$1,059,487","$1,224,487","$1,339,487","$1,454,487"
133,"$5,065,593","$1,056,398","$1,221,398","$1,336,398","$1,451,398"
134,"$5,052,663","$1,053,166","$1,218,166","$1,333,166","$1,448,166"
135,"$4,864,581","$1,006,145","$1,171,145","$1,286,145","$1,401,145"
136,"$4,864,581","$1,006,145","$1,171,145","$1,286,145","$1,401,145"
137,"$4,864,581","$1,006,145","$1,171,145","$1,286,145","$1,401,145"
138,"$4,864,581","$1,006,145","$1,171,145","$1,286,145","$1,401,145"
139,"$4,676,490","$959,122","$1,124,122","$1,239,122","$1,354,122"
140,"$4,672,289","$958,072","$1,123,072","$1,238,072","$1,353,072"
141,"$4,668,725","$957,181","$1,122,181","$1,237,181","$1,352,181"
142,"$4,666,629","$956,657","$1,121,657","$1,236,657","$1,351,657"
143,"$4,657,449","$954,362","$1,119,362","$1,234,362","$1,349,362"
144,"$4,646,553","$951,638","$1,116,638","$1,231,638","$1,346,638"
145,"$4,643,299","$950,825","$1,115,825","$1,230,825","$1,345,825"
146,"$4,639,982","$949,996","$1,114,996","$1,229,996","$1,344,996"
147,"$4,638,877","$949,719","$1,114,719","$1,229,719","$1,344,719"
148,"$4,637,771","$949,443","$1,114,443","$1,229,443","$1,344,443"
149,"$4,626,274","$946,569","$1,111,569","$1,226,569","$1,341,569"
150,"$4,624,505","$946,126","$1,111,126","$1,226,126","$1,341,126"
151,"$4,623,957","$945,989","$1,110,989","$1,225,989","$1,340,989"
152,"$4,622,648","$945,662","$1,110,662","$1,225,662","$1,340,662"
153,"$4,620,198","$945,050","$1,110,050","$1,225,050","$1,340,050"
154,"$4,617,607","$944,402","$1,109,402","$1,224,402","$1,339,402"
155,"$4,614,008","$943,502","$1,108,502","$1,223,502","$1,338,502"
156,"$4,612,876","$943,219","$1,108,219","$1,223,219","$1,338,219"
157,"$4,609,029","$942,257","$1,107,257","$1,222,257","$1,337,257"
158,"$4,607,242","$941,811","$1,106,811","$1,221,811","$1,336,811"
159,"$4,603,333","$940,833","$1,105,833","$1,220,833","$1,335,833"
160,"$4,601,626","$940,407","$1,105,407","$1,220,407","$1,335,407"
161,"$4,594,728","$938,682","$1,103,682","$1,218,682","$1,333,682"
162,"$4,593,791","$938,448","$1,103,448","$1,218,448","$1,333,448"
163,"$4,590,235","$937,559","$1,102,559","$1,217,559","$1,332,559"
164,"$4,579,136","$934,784","$1,099,784","$1,214,784","$1,329,784"
165,"$4,573,344","$933,336","$1,098,336","$1,213,336","$1,328,336"
166,"$4,564,367","$931,092","$1,096,092","$1,211,092","$1,326,092"
167,"$4,559,945","$929,986","$1,094,986","$1,209,986","$1,324,986"
168,"$4,554,418","$928,604","$1,093,604","$1,208,604","$1,323,604"
169,"$4,519,617","$919,904","$1,084,904","$1,199,904","$1,314,904"
170,"$4,519,617","$919,904","$1,084,904","$1,199,904","$1,314,904"
171,"$4,519,617","$919,904","$1,084,904","$1,199,904","$1,314,904"
172,"$4,519,617","$919,904","$1,084,904","$1,199,904","$1,314,904"
173,"$4,519,617","$919,904","$1,084,904","$1,199,904","$1,314,904"
174,"$4,519,617","$919,904","$1,084,904","$1,199,904","$1,314,904"
175,"$4,519,617","$919,904","$1,084,904","$1,199,904","$1,314,904"
176,"$4,484,817","$911,204","$1,076,204","$1,191,204","$1,306,204"
177,"$4,484,817","$911,204","$1,076,204","$1,191,204","$1,306,204"
178,"$4,476,627","$909,157","$1,074,157","$1,189,157","$1,304,157"
179,"$4,472,170","$908,042","$1,073,042","$1,188,042","$1,303,042"
180,"$4,466,642","$906,661","$1,071,661","$1,186,661","$1,301,661"
181,"$4,460,744","$905,186","$1,070,186","$1,185,186","$1,300,186"
182,"$4,456,003","$904,001","$1,069,001","$1,184,001","$1,299,001"
183,"$4,452,988","$903,247","$1,068,247","$1,183,247","$1,298,247"
184,"$4,450,838","$902,710","$1,067,710","$1,182,710","$1,297,710"
185,"$4,447,628","$901,907","$1,066,907","$1,181,907","$1,296,907"
186,"$4,444,312","$901,078","$1,066,078","$1,181,078","$1,296,078"
187,"$4,443,339","$900,835","$1,065,835","$1,180,835","$1,295,835"
188,"$4,438,059","$899,515","$1,064,515","$1,179,515","$1,294,515"
189,"$4,434,805","$898,701","$1,063,701","$1,178,701","$1,293,701"
190,"$4,433,920","$898,480","$1,063,480","$1,178,480","$1,293,480"
191,"$4,432,832","$898,208","$1,063,208","$1,178,208","$1,293,208"
192,"$4,431,824","$897,956","$1,062,956","$1,177,956","$1,292,956"
193,"$4,430,427","$897,607","$1,062,607","$1,177,607","$1,292,607"
194,"$4,430,100","$897,525","$1,062,525","$1,177,525","$1,292,525"
195,"$4,429,640","$897,410","$1,062,410","$1,177,410","$1,292,410"
196,"$4,429,472","$897,368","$1,062,368","$1,177,368","$1,292,368"
197,"$4,428,066","$897,016","$1,062,016","$1,177,016","$1,292,016"
198,"$4,425,961","$896,490","$1,061,490","$1,176,490","$1,291,490"
199,"$4,424,793","$896,198","$1,061,198","$1,176,198","$1,291,198"
200,"$4,421,760","$895,440","$1,060,440","$1,175,440","$1,290,440"
201,"$4,418,656","$894,664","$1,059,664","$1,174,664","$1,289,664"
202,"$4,415,419","$893,855","$1,058,855","$1,173,855","$1,288,855"
203,"$4,414,464","$893,616","$1,058,616","$1,173,616","$1,288,616"
204,"$4,413,579","$893,395","$1,058,395","$1,173,395","$1,288,395"
205,"$4,407,946","$891,986","$1,056,986","$1,171,986","$1,286,986"
206,"$4,404,541","$891,135","$1,056,135","$1,171,135","$1,286,135"
207,"$4,401,198","$890,299","$1,055,299","$1,170,299","$1,285,299"
208,"$4,395,078","$888,769","$1,053,769","$1,168,769","$1,283,769"
209,"$4,373,959","$883,490","$1,048,490","$1,163,490","$1,278,490"
210,"$4,373,959","$883,490","$1,048,490","$1,163,490","$1,278,490"
211,"$4,373,959","$883,490","$1,048,490","$1,163,490","$1,278,490"
212,"$4,373,959","$883,490","$1,048,490","$1,163,490","$1,278,490"
213,"$4,373,959","$883,490","$1,048,490","$1,163,490","$1,278,490"
214,"$4,373,959","$883,490","$1,048,490","$1,163,490","$1,278,490"
215,"$4,373,959","$883,490","$1,048,490","$1,163,490","$1,278,490"
216,"$4,373,959","$883,490","$1,048,490","$1,163,490","$1,278,490"
217,"$4,352,831","$878,208","$1,043,208","$1,158,208","$1,273,208"
218,"$4,352,336","$878,084","$1,043,084","$1,158,084","$1,273,084"
219,"$4,349,240","$877,310","$1,042,310","$1,157,310","$1,272,310"
220,"$4,348,055","$877,014","$1,042,014","$1,157,014","$1,272,014"
221,"$4,344,040","$876,010","$1,041,010","$1,156,010","$1,271,010"
222,"$4,340,909","$875,227","$1,040,227","$1,155,227","$1,270,227"
223,"$4,338,689","$874,672","$1,039,672","$1,154,672","$1,269,672"
224,"$4,338,070","$874,518","$1,039,518","$1,154,518","$1,269,518"
225,"$4,337,628","$874,407","$1,039,407","$1,154,407","$1,269,407"
226,"$4,336,682","$874,170","$1,039,170","$1,154,170","$1,269,170"
227,"$4,333,985","$873,496","$1,038,496","$1,153,496","$1,268,496"
228,"$4,333,224","$873,306","$1,038,306","$1,153,306","$1,268,306"
229,"$4,333,206","$873,302","$1,038,302","$1,153,302","$1,268,302"
230,"$4,331,384","$872,846","$1,037,846","$1,152,846","$1,267,846"
231,"$4,331,331","$872,833","$1,037,833","$1,152,833","$1,267,833"
232,"$4,330,836","$872,709","$1,037,709","$1,152,709","$1,267,709"
233,"$4,327,900","$871,975","$1,036,975","$1,151,975","$1,266,975"
234,"$4,325,689","$871,422","$1,036,422","$1,151,422","$1,266,422"
235,"$4,323,708","$870,927","$1,035,927","$1,150,927","$1,265,927"
236,"$4,318,534","$869,634","$1,034,634","$1,149,634","$1,264,634"
237,"$4,313,626","$868,406","$1,033,406","$1,148,406","$1,263,406"
238,"$4,312,494","$868,123","$1,033,123","$1,148,123","$1,263,123"
239,"$4,311,327","$867,832","$1,032,832","$1,147,832","$1,262,832"
240,"$4,310,159","$867,540","$1,032,540","$1,147,540","$1,262,540"
241,"$4,309,292","$867,323","$1,032,323","$1,147,323","$1,262,323"
242,"$4,308,337","$867,084","$1,032,084","$1,147,084","$1,262,084"
243,"$4,307,453","$866,863","$1,031,863","$1,146,863","$1,261,863"
244,"$4,306,569","$866,642","$1,031,642","$1,146,642","$1,261,642"
245,"$4,305,224","$866,306","$1,031,306","$1,146,306","$1,261,306"
246,"$4,304,243","$866,061","$1,031,061","$1,146,061","$1,261,061"
247,"$4,302,836","$865,709","$1,030,709","$1,145,709","$1,260,709"
248,"$4,301,474","$865,369","$1,030,369","$1,145,369","$1,260,369"
249,"$4,301,474","$865,369","$1,030,369","$1,145,369","$1,260,369"
250,"$4,301,474","$865,369","$1,030,369","$1,145,369","$1,260,369"
251,"$4,301,474","$865,369","$1,030,369","$1,145,369","$1,260,369"
252,"$4,301,474","$865,369","$1,030,369","$1,145,369","$1,260,369"
253,"$4,301,474","$865,369","$1,030,369","$1,145,369","$1,260,369"
254,"$4,301,474","$865,369","$1,030,369","$1,145,369","$1,260,369"
255,"$4,301,474","$865,369","$1,030,369","$1,145,369","$1,260,369"
256,"$4,301,474","$865,369","$1,030,369","$1,145,369","$1,260,369"
257,"$4,301,474","$865,369","$1,030,369","$1,145,369","$1,260,369"