,,,,,,Tack,Tack,Tack,Tack,Tack,
Comb,Season▼,Age,G,GS,Sk,Solo,Ast,Comb,TFL,QBHits,Pos
,,,,,,,,,,,
173,2024,28,17,17,3.5,93,80,173,11,4,LLB
164,2024,28,17,17,2,95,69,164,10,3,FS
158,2024,24,17,16,2,98,60,158,10,2,RILB
158,2024,29,17,17,2,91,67,158,10,3,MLB
154,2024,27,16,16,1.5,81,73,154,4,3,LILB
151,2024,28,16,16,3.5,93,58,151,11,5,LLB
151,2024,29,17,17,5,85,66,151,8,16,RILB
147,2024,25,17,17,1,84,63,147,7,3,LILB
146,2024,23,17,17,1,87,59,146,6,1,SS
143,2024,27,17,17,3,86,57,143,11,6,RILB
183,2023,33,17,16,3.5,96,87,183,11,6,LB
179,2023,27,16,16,1.5,107,72,179,3,3,LB
177,2023,30,17,16,2,106,71,177,6,6,LB
173,2023,28,17,17,2.5,111,62,173,8,10,LB
163,2023,26,17,17,2,84,79,163,9,6,LILB
158,2023,26,16,16,1.5,84,74,158,5,5,LB
155,2023,27,17,17,2.5,91,64,155,8,8,LB
152,2023,31,17,17,0.5,81,71,152,5,2,LB
149,2023,27,17,17,2.5,92,57,149,11,6,LB
148,2023,28,17,17,3.5,82,66,148,7,4,LB
145,2023,24,15,15,4.5,74,71,145,14,6,LB
143,2023,24,17,17,6.5,84,59,143,10,9,LB
184,2022,27,17,17,2,128,56,184,12,9,LILB
180,2022,22,17,17,2,108,72,180,9,6,LLB
169,2022,25,17,17,4.5,103,66,169,11,4,MLB
167,2022,26,17,17,3,102,65,167,12,6,RLB/MLB
163,2022,29,17,12,0,101,62,163,6,3,RILB
161,2022,25,16,16,1,103,58,161,3,3,LILB
159,2022,26,17,17,2,99,60,159,10,5,RLB
159,2022,27,17,17,2,86,73,159,6,3,LLB
158,2022,30,17,17,1,99,59,158,5,3,RILB
151,2022,26,17,16,0,99,52,151,6,0,LLB
147,2022,23,17,17,1,99,48,147,5,1,SS
146,2022,27,17,16,5,95,51,146,10,8,LLB
192,2021,26,17,17,2,102,90,192,4,7,RILB
184,2021,24,17,17,1,109,75,184,10,3,ROLB
170,2021,31,16,16,1,93,77,170,3,3,LILB
168,2021,29,16,16,2,103,65,168,2,3,LLB
163,2021,24,17,17,3,95,68,163,12,4,RILB
154,2021,29,15,15,0,102,52,154,5,3,MLB
146,2021,28,16,16,2,102,44,146,6,6,RILB
144,2021,25,17,17,1,90,54,144,7,4,LILB
143,2021,29,15,15,5,81,62,143,8,5,MLB
164,2020,26,16,16,3,106,58,164,7,4,LILB
154,2020,25,16,16,1.5,89,65,154,5,4,RLB
151,2020,26,16,16,3,86,65,151,9,6,LILB
159,2019,29,16,16,3,86,73,159,7,4,MLB
155,2019,25,16,16,3,97,58,155,5,3,LILB
150,2019,27,16,16,1.5,93,57,150,11,7,RILB
147,2019,23,16,16,0.5,104,43,147,7,2,FS
144,2019,28,16,16,0,81,63,144,4,5,RILB
163,2018,23,15,15,7,111,52,163,12,8,LLB
144,2018,24,16,16,5,91,53,144,10,6,LILB
144,2017,25,16,16,0,84,60,144,7,2,MLB
144,2017,23,16,16,1,96,48,144,10,2,RILB
144,2017,24,16,16,3,87,57,144,4,6,MLB
167,2016,26,16,16,4.5,85,82,167,7,18,MLB
149,2016,27,16,16,4,97,52,149,11,8,LILB
148,2016,24,16,16,2.5,96,52,148,11,7,RILB
145,2016,22,16,16,3,108,37,145,12,7,MLB
145,2016,30,15,15,0,93,52,145,12,2,RLB
154,2015,27,16,16,2.5,116,38,154,7,8,LILB
150,2015,32,16,16,3,89,61,150,10,3,LLB
147,2015,25,16,16,3,85,62,147,10,5,RLB
153,2014,23,16,16,3,99,54,153,9,4,MLB
151,2014,27,16,16,2.5,117,34,151,16,4,RLB
146,2014,24,14,14,1,101,45,146,17,4,RLB
144,2014,28,16,16,0,99,45,144,5,4,RILB
171,2013,23,16,16,3,114,57,171,9,5,RLB
162,2013,29,15,15,3,122,40,162,6,8,RILB
159,2013,23,16,16,2,87,72,159,11,1,MLB
156,2013,22,16,16,2,93,63,156,10,2,MLB
145,2013,25,16,16,5,120,25,145,9,5,LILB
145,2013,23,16,16,7,107,38,145,21,13,RLB
164,2012,21,16,16,1,103,61,164,12,1,MLB
148,2012,24,16,16,2,96,52,148,6,4,LILB
148,2012,29,16,16,3,98,50,148,7,5,LLB
147,2012,26,16,16,3,88,59,147,5,5,LLB
145,2012,26,16,16,2,90,55,145,7,2,RILB
166,2011,36,16,16,1.5,96,70,166,5,8,LLB
158,2011,28,16,16,3.5,116,42,158,12,8,MLB
154,2011,28,16,16,2,89,65,154,6,4,LLB
148,2011,24,16,16,1,78,70,148,9,4,MLB
147,2011,25,16,16,1,87,60,147,9,3,MLB
145,2011,28,16,16,1.5,98,47,145,9,2,LLB
143,2011,23,16,16,2,111,32,143,13,6,LILB
174,2010,24,16,16,2,113,61,174,5,5,LILB
160,2010,25,16,16,1,111,49,160,6,5,MLB
151,2010,26,14,14,2,103,48,151,6,4,RILB
144,2010,27,16,16,1,109,35,144,14,5,LLB
152,2009,24,16,16,4,114,38,152,13,11,RILB
154,2008,25,16,16,2,95,59,154,3,4,RILB
174,2007,22,16,16,4,136,38,174,8,7,RILB
165,2006,33,16,16,3,103,62,165,7,3,MLB
156,2006,22,16,16,3.5,126,30,156,13,9,MLB
146,2006,31,16,16,2,101,45,146,9,3,MLB
144,2006,29,16,16,2.5,100,44,144,4,2,RLB
143,2006,33,16,16,2.5,99,44,143,4,5,RILB
173,2005,23,16,16,0.5,128,45,173,7,,MLB
162,2005,32,14,14,2,107,55,162,13,,MLB
158,2005,30,16,16,4,104,54,158,6,,MLB
154,2005,32,16,16,3,114,40,154,4,,LILB
149,2005,27,16,16,2,89,60,149,9,,LILB
152,2004,27,16,16,5,100,52,152,9,,RLB
152,2004,31,16,16,1,106,46,152,2,,LILB
147,2004,29,15,15,1,101,46,147,6,,RILB
145,2004,31,13,13,2,85,60,145,9,,MLB
144,2004,29,16,16,3.5,94,50,144,10,,MLB
166,2003,29,16,16,4,107,59,166,8,,RILB
163,2003,28,16,16,1.5,121,42,163,7,,RILB
162,2003,30,16,16,0.5,124,38,162,6,,RLB
153,2003,30,15,15,1,85,68,153,10,,MLB
150,2003,33,16,16,2,111,39,150,14,,MLB
145,2003,25,16,16,1,112,33,145,6,,RLB
144,2003,28,16,16,0,126,18,144,6,,LILB
156,2002,29,16,16,0.5,100,56,156,4,,MLB
153,2002,24,16,16,4.5,117,36,153,19,,MLB
149,2002,27,16,16,3,98,51,149,4,,MLB
144,2002,24,16,16,3,105,39,144,13,,LILB
143,2002,26,16,16,0,107,36,143,8,,LILB
162,2001,26,16,16,3.5,114,48,162,13,,MLB
155,2001,28,15,15,3,95,60,155,4,,MLB
146,2001,28,16,16,2,98,48,146,10,,MLB
145,2001,26,16,16,1,109,36,145,5,,RLB
160,2000,24,16,16,0,103,57,160,3,,RLB
157,2000,27,16,16,4,119,38,157,11,,MLB
155,2000,24,16,16,1.5,118,37,155,4,,SS
147,2000,24,16,16,4,119,28,147,11,,LLB
146,2000,27,16,16,1,123,23,146,13,,RLB
165,1999,24,16,16,3.5,130,35,165,19,,MLB
153,1999,26,16,16,2,119,34,153,14,,RLB
158,1998,25,16,16,0,123,35,158,,,RLB
149,1998,28,16,16,7.5,117,32,149,,,RLB
146,1998,29,16,16,3,115,31,146,,,MLB
184,1997,22,16,16,4,156,28,184,,,MLB
160,1997,27,16,16,2.5,116,44,160,,,MLB
147,1997,32,16,16,1,105,42,147,,,MLB
145,1997,24,16,16,1.5,102,43,145,,,RLB
165,1996,27,16,16,2,123,42,165,,,SS
157,1996,31,16,16,0,111,46,157,,,LILB
154,1996,23,16,16,2,120,34,154,,,MLB
152,1995,30,16,16,1,111,41,152,,,MLB
195,1994,29,16,16,0,124,71,195,,,LILB
155,1994,35,16,16,1,115,40,155,,,LILB
155,1994,25,16,16,5.5,124,31,155,,,RLB
214,1993,28,16,16,1,,,214,,,MLB
189,1993,28,16,16,1,,,189,,,MLB
185,1993,28,16,16,2,,,185,,,MLB
181,1993,31,16,16,4,,,181,,,MLB
171,1993,29,16,16,1.5,,,171,,,MLB
169,1993,30,16,16,0.5,,,169,,,MLB
159,1993,27,16,16,2,,,159,,,MLB
159,1993,25,16,16,0,,,159,,,FS
158,1993,28,16,16,1,,,158,,,LILB
158,1993,24,16,16,4,,,158,,,RLB
155,1993,26,16,16,0,,,155,,,SS
155,1993,24,16,15,0,,,155,,,SS
150,1993,23,16,16,1,,,150,,,MLB
150,1993,27,16,16,0,,,150,,,FS
148,1993,28,16,16,0.5,,,148,,,LILB
143,1993,31,16,16,1,,,143,,,MLB
193,1992,27,15,15,1,,,193,,,RILB
176,1992,30,16,16,2,,,176,,,MLB
175,1992,28,16,16,0,,,175,,,MLB
170,1992,28,15,14,0,,,170,,,LILB
169,1992,28,16,14,1,,,169,,,MLB
168,1992,26,16,16,0,,,168,,,FS
153,1992,29,16,16,2,,,153,,,MLB
151,1992,26,15,15,1,,,151,,,FS
147,1992,29,16,14,4.5,,,147,,,LILB
146,1992,27,16,16,1,,,146,,,LILB
145,1992,23,16,16,2,,,145,,,RLB
207,1991,26,16,16,1,,,207,,,RILB
174,1991,24,16,16,11,,,174,,,RLB
162,1991,29,16,16,0,,,162,,,FS
160,1991,25,14,14,2.5,,,160,,,RILB
156,1991,29,16,16,0,,,156,,,SS
153,1991,27,14,14,0,,,153,,,LILB
151,1991,23,16,16,3,,,151,,,RLB
150,1991,25,16,16,1,,,150,,,FS
146,1991,29,16,16,1,,,146,,,MLB
146,1991,27,16,16,1,,,146,,,MLB
201,1990,25,16,14,5,,,201,,,LILB
199,1990,28,16,16,0.5,,,199,,,MLB
175,1990,26,16,16,2,,,175,,,ROLB
173,1990,24,15,15,1,,,173,,,FS
170,1990,28,16,16,3,,,170,,,FS
161,1990,28,16,15,2,,,161,,,MLB
155,1990,24,13,13,4,,,155,,,LILB
184,1989,25,16,16,2,,,184,,,MLB
183,1989,24,16,16,1,,,183,,,RILB
162,1989,27,16,16,2,,,162,,,RILB
155,1989,24,16,16,0,,,155,,,SS
154,1989,23,15,14,2,,,154,,,LILB
152,1989,26,16,16,2,,,152,,,NT
146,1989,29,16,16,0,,,146,,,LILB
162,1988,26,16,15,0,,,162,,,RILB
154,1988,26,16,16,0.5,,,154,,,SS
153,1988,23,16,16,0,,,153,,,LILB
152,1988,28,16,16,3,,,152,,,NT
129,2024,28,17,17,4,79,50,129,12,6,LLB
129,2007,32,16,16,0,101,28,129,5,1,MLB
129,2022,30,17,17,3,86,43,129,2,4,LILB
129,2016,24,16,16,5,79,50,129,8,11,RILB
129,2024,25,17,17,1,65,64,129,6,5,LILB
129,2012,24,16,16,3.5,73,56,129,6,5,RILB
129,1991,22,16,16,7,,,129,,,RILB
129,1993,24,16,16,0,,,129,,,RLB
129,2013,23,16,16,2,88,41,129,7,5,RLB
129,1994,29,16,16,0,93,36,129,,,MLB
128,1994,26,16,16,1.5,107,21,128,,,RLB
128,2024,24,15,15,3,80,48,128,9,6,MLB
128,2006,31,16,16,4,85,43,128,9,7,LILB
128,1993,25,16,16,2,,,128,,,RDT
128,2002,29,16,15,0,96,32,128,9,,MLB
128,2000,27,16,16,1,87,41,128,9,,RILB
128,2022,28,13,13,2.5,70,58,128,7,4,LILB
128,2015,29,14,14,2.5,76,52,128,11,3,RLB
128,2008,22,16,16,0,100,28,128,5,1,LILB
128,1998,29,16,16,7,93,35,128,,,MLB
128,2006,24,16,16,1,102,26,128,14,1,MLB
128,2015,24,14,14,2.5,99,29,128,13,3,LLB
128,1991,28,13,12,0,,,128,,,MLB
128,2000,24,16,16,2,109,19,128,8,,RLB
128,1994,28,16,16,2.5,95,33,128,,,MLB
128,1997,24,15,15,0.5,78,50,128,,,MLB
128,2021,23,17,17,3.5,87,41,128,8,18,LILB
128,2010,25,15,15,6,101,27,128,9,7,RILB
127,2002,25,16,16,6,97,30,127,12,,RLB
127,1993,23,16,16,0,,,127,,,FS/SS
127,2017,29,15,15,1.5,80,47,127,6,5,MLB
127,2005,25,16,16,1,92,35,127,0,,MLB
127,2004,24,16,16,0.5,103,24,127,7,,RLB
127,2001,26,16,16,3.5,102,25,127,5,,MLB
127,2017,28,13,13,2.5,84,43,127,12,5,LILB
127,2002,25,16,16,1,101,26,127,11,,RLB
127,2012,22,16,14,1,73,54,127,7,3,RLB
127,2002,27,16,16,2,91,36,127,10,,RLB
127,1992,24,16,16,14,,,127,,,ROLB
127,2016,26,16,16,1,96,31,127,3,1,SS
127,2015,30,16,16,1,96,31,127,4,8,SS
127,2022,25,15,15,0,82,45,127,3,0,RLB
127,2009,25,16,16,5.5,82,45,127,4,13,RILB
127,2000,28,16,16,6,101,26,127,10,,SS
127,1997,25,16,16,4,95,32,127,,,MLB
127,1997,25,16,16,3,87,40,127,,,RILB
127,2023,25,15,15,0,75,52,127,2,1,LB
127,1996,30,16,16,0,106,21,127,,,MLB
127,2007,23,16,16,2,98,29,127,3,3,MLB
127,2013,29,16,16,4,102,25,127,9,5,LILB
127,2014,32,16,16,1,67,60,127,3,3,RILB
127,2008,23,16,16,1,105,22,127,3,0,FS
127,2005,25,16,16,3,99,28,127,9,,RLB
127,1994,27,16,15,1.5,94,33,127,,,LLB
127,2013,23,16,12,2,79,48,127,4,3,RLB/MLB
126,2019,23,16,15,1.5,76,50,126,3,5,ROLB/RILB
126,1988,26,16,16,3.5,,,126,,,ROLB
126,1999,27,14,14,0,86,40,126,8,,MLB
126,1991,26,16,12,0.5,,,126,,,MLB
126,2007,26,16,16,2,86,40,126,6,3,LLB
126,2013,27,16,16,5.5,83,43,126,6,7,RILB
126,2007,23,16,9,5,90,36,126,7,6,LILB/RILB
126,1997,28,16,16,5,95,31,126,,,LILB
126,2004,28,16,16,5,93,33,126,9,,MLB
126,1997,30,16,16,0,98,28,126,,,FS
126,1987,24,12,12,2,,,126,,,LLB
126,1991,26,16,16,1,,,126,,,LILB
126,2003,27,16,16,2,70,56,126,6,,RLB
126,2013,27,16,16,3,86,40,126,7,6,RILB
126,2010,32,16,16,4,97,29,126,13,5,MLB
126,2018,28,16,16,0,89,37,126,9,1,RLB
126,2016,27,16,16,4,72,54,126,12,8,RLB
125,2020,28,16,12,2,76,49,125,5,3,RILB
125,2018,28,15,15,0,79,46,125,3,3,LLB
125,2022,28,17,17,1.5,77,48,125,7,7,MLB
125,2022,26,17,17,3,62,63,125,5,6,LILB
125,1991,29,16,16,5,,,125,,,ROLB
125,2005,32,16,16,3,93,32,125,10,,RLB
125,2016,22,16,16,4,100,25,125,9,5,SS
125,2003,27,16,16,2,104,21,125,7,,RILB
125,1999,28,16,16,2,95,30,125,7,,LLB
125,1990,28,16,16,1,,,125,,,SS
125,2003,31,16,16,3,92,33,125,8,,SS
125,1996,24,16,16,1,105,20,125,,,SS
125,2023,27,16,16,2,86,39,125,5,4,S
125,2010,32,16,16,1,86,39,125,3,1,MLB
125,2017,26,15,15,1.5,74,51,125,7,5,MLB
125,2010,33,16,16,2,94,31,125,12,3,LILB
125,2018,25,16,16,4,90,35,125,9,4,LILB
125,2013,27,16,16,2,82,43,125,6,2,RILB
125,2023,27,17,17,5.5,66,59,125,10,11,LILB
125,2002,28,16,16,1,93,32,125,7,,RLB
125,1992,30,16,11,0,,,125,,,SS
125,2000,26,16,16,2,91,34,125,4,,SS
125,2022,27,17,17,1,84,41,125,0,1,FS
125,1995,27,16,16,3,87,38,125,,,RLB
125,2006,22,16,16,0.5,82,43,125,4,0,RLB
125,1989,24,16,16,5,,,125,,,LILB
125,2020,24,16,16,1,79,46,125,5,7,MLB
124,1988,27,16,16,0.5,,,124,,,SS
124,2009,23,16,16,1,98,26,124,6,1,SS
124,2004,31,16,16,3.5,78,46,124,7,,RILB
124,1999,24,16,16,1,79,45,124,6,,RILB
124,2022,32,17,17,3,80,44,124,10,3,RILB
124,1998,25,15,15,6,80,44,124,,,RILB
124,2021,25,16,16,0,84,40,124,1,0,FS
124,2016,27,16,13,1,89,35,124,9,5,RILB
124,1993,31,16,16,1,,,124,,,SS
124,1999,30,16,16,0,94,30,124,1,,SS
124,2013,29,16,16,2,70,54,124,8,4,RILB
124,1995,29,16,16,0,82,42,124,,,MLB
124,2020,29,16,16,1,72,52,124,4,5,LILB
124,2012,30,16,16,2,109,15,124,12,5,RILB
124,2022,30,17,17,3,82,42,124,7,7,MLB
124,2022,24,16,16,1,79,45,124,6,1,SS
124,2020,29,16,16,2,91,33,124,4,4,SS
124,1988,25,16,16,2.5,,,124,,,LLB
124,2000,22,16,14,8,98,26,124,16,,MLB
124,2019,24,16,16,2.5,84,40,124,6,3,MLB
124,2018,22,16,16,0,85,39,124,3,2,MLB
124,2022,24,17,17,5.5,73,51,124,8,16,LILB
124,2017,31,16,16,5,84,40,124,11,9,LILB
123,1999,29,16,16,9,97,26,123,21,,RLB
123,2004,23,16,16,3,92,31,123,9,,MLB
123,1989,25,16,16,1,,,123,,,ROLB
123,2012,23,16,16,2,88,35,123,5,4,SS/FS
123,1993,31,16,16,1.5,,,123,,,FS
123,2019,29,16,16,1,82,41,123,10,7,RILB
123,2013,30,16,16,4,85,38,123,13,5,LLB
123,1999,26,16,16,3,98,25,123,8,,RLB
123,2022,25,17,17,0,70,53,123,3,1,SS
123,1997,28,16,16,1,89,34,123,,,SS
123,2014,30,16,16,5.5,71,52,123,6,6,RILB
123,2012,28,16,16,3,79,44,123,4,7,RILB
123,1989,25,14,14,5,,,123,,,LLB
123,2012,26,16,16,1,82,41,123,7,2,MLB
123,1993,34,16,16,1,,,123,,,FS
123,2023,25,17,12,0,85,38,123,1,0,S
123,2009,25,16,16,1,93,30,123,14,5,MLB
123,2000,31,16,16,3.5,103,20,123,15,,RLB
123,2001,25,16,16,2,103,20,123,11,,LLB
123,2013,31,16,16,5,57,66,123,8,7,RILB
123,1990,30,16,16,4,,,123,,,ROLB
123,2006,24,16,16,1.5,93,30,123,5,4,MLB
123,1999,22,16,16,2.5,92,31,123,6,,MLB
123,2007,29,16,16,5,93,30,123,7,7,MLB
123,2010,24,16,16,0,95,28,123,4,0,SS
123,1990,23,16,0,0,,,123,,,DB
123,1989,28,16,16,11,,,123,,,LDE
123,1993,23,16,16,2,,,123,,,FS
123,2022,26,15,15,2.5,83,40,123,3,7,RLB/MLB
122,2006,26,14,14,0,87,35,122,4,1,MLB
122,2023,30,16,16,0,80,42,122,0,0,SS
122,1990,22,16,16,0,,,122,,,FS
122,1991,27,16,15,0,,,122,,,LILB
122,1993,25,16,16,5,,,122,,,RLB
122,2013,32,16,16,6.5,114,8,122,12,12,RILB
122,2024,34,17,17,5.5,76,46,122,9,6,LILB
122,2023,28,17,17,4,82,40,122,11,6,LB
122,2010,28,16,16,1,96,26,122,8,1,RILB
122,1994,30,16,16,2.5,95,27,122,,,MLB
122,2017,29,16,16,1.5,94,28,122,6,1,SS
122,2008,31,16,16,1.5,81,41,122,7,3,MLB
122,2021,26,16,16,0,75,47,122,4,3,LLB
122,2012,25,16,16,1,62,60,122,1,4,MLB
122,1996,37,16,16,5.5,90,32,122,,,LILB
122,1999,29,16,16,3,97,25,122,8,,RLB/MLB
122,2007,25,16,16,1,97,25,122,10,1,MLB
122,1994,29,14,14,1,86,36,122,,,MLB
122,1996,28,15,15,1.5,104,18,122,,,RLB
122,1992,28,16,16,1,,,122,,,MLB
122,2015,26,16,16,4,99,23,122,12,6,RLB
122,2007,29,16,16,1,93,29,122,10,1,LLB
122,1994,24,16,16,3,95,27,122,,,MLB
122,2005,27,16,16,6,98,24,122,17,,MLB
122,2009,27,16,16,3.5,100,22,122,13,5,RILB
122,2020,26,16,15,3,62,60,122,8,9,RLB
122,2023,25,17,17,6,76,46,122,6,8,S
121,2023,27,13,13,0,67,54,121,3,2,LB
121,2010,25,16,16,1,90,31,121,10,2,RLB/MLB
121,2018,34,16,16,3,100,21,121,5,6,FS
121,2006,33,16,16,0,96,25,121,4,0,RLB
121,2005,23,16,16,0,84,37,121,1,,SS
121,2023,34,17,17,6.5,74,47,121,12,11,MLB
121,2018,20,15,15,2,80,41,121,5,7,MLB
121,2005,30,14,14,2,76,45,121,7,,LILB
121,2000,27,16,16,3,98,23,121,10,,MLB
121,2006,22,16,16,3.5,84,37,121,6,7,RLB
121,2006,26,16,16,0,89,32,121,3,0,SS
121,1992,28,16,16,6.5,,,121,,,LLB
121,2009,23,16,16,2,108,13,121,7,6,MLB
121,2019,24,13,13,5,71,50,121,7,6,LLB
121,2007,32,14,14,2,83,38,121,1,2,LILB
121,1999,30,16,16,2,87,34,121,10,,MLB
121,2000,27,16,16,0,90,31,121,2,,SS
121,2003,28,16,16,2,90,31,121,11,,MLB
121,1988,28,16,16,1.5,,,121,,,LDT
121,2014,27,16,13,0,61,60,121,1,1,RLB
121,2015,33,16,16,3,72,49,121,7,5,RILB
121,2018,23,16,16,4,82,39,121,6,6,MLB